ISO-10303-21;
HEADER;
/* Generated by software containing ST-Developer
 * from STEP Tools, Inc. (www.steptools.com) 
 */

FILE_DESCRIPTION(
/* description */ (''),
/* implementation_level */ '2;1');

FILE_NAME(
/* name */ 'arcade_button_cap.step',
/* time_stamp */ '2025-09-08T22:51:57+02:00',
/* author */ (''),
/* organization */ (''),
/* preprocessor_version */ 'ST-DEVELOPER v20.1',
/* originating_system */ 'Autodesk Translation Framework v14.10.0.0',
/* authorisation */ '');

FILE_SCHEMA (('AUTOMOTIVE_DESIGN { 1 0 10303 214 3 1 1 }','PROCESS_PLANNING_SCHEMA'));
ENDSEC;

DATA;
#10=MECHANICAL_DESIGN_GEOMETRIC_PRESENTATION_REPRESENTATION('',(#13),#4229);
#11=SHAPE_REPRESENTATION_RELATIONSHIP('SRR','None',#4236,#12);
#12=ADVANCED_BREP_SHAPE_REPRESENTATION('',(#14),#4228);
#13=STYLED_ITEM('',(#4245),#14);
#14=MANIFOLD_SOLID_BREP('Body1',#2147);
#15=B_SPLINE_CURVE_WITH_KNOTS('',3,(#4015,#4016,#4017,#4018,#4019,#4020,
#4021,#4022,#4023,#4024,#4025),.UNSPECIFIED.,.F.,.F.,(4,1,1,1,1,1,1,1,4),
(-1.,-0.892857142857143,-0.857142857142857,-0.714285714285714,-0.571428571428571,
-0.428571428571429,-0.285714285714286,-0.214285714285714,0.),
 .UNSPECIFIED.);
#16=B_SPLINE_CURVE_WITH_KNOTS('',3,(#4197,#4198,#4199,#4200,#4201,#4202,
#4203,#4204,#4205,#4206),.UNSPECIFIED.,.F.,.F.,(4,1,1,1,1,1,1,4),(-1.,-0.857142857142857,
-0.714285714285714,-0.571428571428571,-0.428571428571429,-0.285714285714286,
-0.142857142857143,0.),.UNSPECIFIED.);
#17=B_SPLINE_SURFACE_WITH_KNOTS('',3,3,((#3828,#3829,#3830,#3831,#3832,
#3833,#3834,#3835,#3836,#3837,#3838,#3839,#3840,#3841,#3842,#3843,#3844),
(#3845,#3846,#3847,#3848,#3849,#3850,#3851,#3852,#3853,#3854,#3855,#3856,
#3857,#3858,#3859,#3860,#3861),(#3862,#3863,#3864,#3865,#3866,#3867,#3868,
#3869,#3870,#3871,#3872,#3873,#3874,#3875,#3876,#3877,#3878),(#3879,#3880,
#3881,#3882,#3883,#3884,#3885,#3886,#3887,#3888,#3889,#3890,#3891,#3892,
#3893,#3894,#3895),(#3896,#3897,#3898,#3899,#3900,#3901,#3902,#3903,#3904,
#3905,#3906,#3907,#3908,#3909,#3910,#3911,#3912),(#3913,#3914,#3915,#3916,
#3917,#3918,#3919,#3920,#3921,#3922,#3923,#3924,#3925,#3926,#3927,#3928,
#3929),(#3930,#3931,#3932,#3933,#3934,#3935,#3936,#3937,#3938,#3939,#3940,
#3941,#3942,#3943,#3944,#3945,#3946),(#3947,#3948,#3949,#3950,#3951,#3952,
#3953,#3954,#3955,#3956,#3957,#3958,#3959,#3960,#3961,#3962,#3963),(#3964,
#3965,#3966,#3967,#3968,#3969,#3970,#3971,#3972,#3973,#3974,#3975,#3976,
#3977,#3978,#3979,#3980),(#3981,#3982,#3983,#3984,#3985,#3986,#3987,#3988,
#3989,#3990,#3991,#3992,#3993,#3994,#3995,#3996,#3997),(#3998,#3999,#4000,
#4001,#4002,#4003,#4004,#4005,#4006,#4007,#4008,#4009,#4010,#4011,#4012,
#4013,#4014)),.UNSPECIFIED.,.F.,.T.,.F.,(4,1,1,1,1,1,1,1,4),(4,1,1,1,1,
1,1,1,1,1,1,1,1,1,4),(0.,0.214285714285714,0.285714285714286,0.428571428571429,
0.571428571428571,0.714285714285714,0.857142857142857,0.892857142857143,
1.),(-3.14159265358979,-2.69279370307697,-2.24399475256414,-1.79519580205131,
-1.34639685153848,-1.0471975511966,-0.448798950512828,-0.149599650170943,
0.448798950512828,0.747998250854713,1.34639685153848,1.64559615188037,2.24399475256414,
2.69279370307697,3.14159265358979),.UNSPECIFIED.);
#18=B_SPLINE_SURFACE_WITH_KNOTS('',3,3,((#4026,#4027,#4028,#4029,#4030,
#4031,#4032,#4033,#4034,#4035,#4036,#4037,#4038,#4039,#4040,#4041,#4042),
(#4043,#4044,#4045,#4046,#4047,#4048,#4049,#4050,#4051,#4052,#4053,#4054,
#4055,#4056,#4057,#4058,#4059),(#4060,#4061,#4062,#4063,#4064,#4065,#4066,
#4067,#4068,#4069,#4070,#4071,#4072,#4073,#4074,#4075,#4076),(#4077,#4078,
#4079,#4080,#4081,#4082,#4083,#4084,#4085,#4086,#4087,#4088,#4089,#4090,
#4091,#4092,#4093),(#4094,#4095,#4096,#4097,#4098,#4099,#4100,#4101,#4102,
#4103,#4104,#4105,#4106,#4107,#4108,#4109,#4110),(#4111,#4112,#4113,#4114,
#4115,#4116,#4117,#4118,#4119,#4120,#4121,#4122,#4123,#4124,#4125,#4126,
#4127),(#4128,#4129,#4130,#4131,#4132,#4133,#4134,#4135,#4136,#4137,#4138,
#4139,#4140,#4141,#4142,#4143,#4144),(#4145,#4146,#4147,#4148,#4149,#4150,
#4151,#4152,#4153,#4154,#4155,#4156,#4157,#4158,#4159,#4160,#4161),(#4162,
#4163,#4164,#4165,#4166,#4167,#4168,#4169,#4170,#4171,#4172,#4173,#4174,
#4175,#4176,#4177,#4178),(#4179,#4180,#4181,#4182,#4183,#4184,#4185,#4186,
#4187,#4188,#4189,#4190,#4191,#4192,#4193,#4194,#4195)),.UNSPECIFIED.,.F.,
 .T.,.F.,(4,1,1,1,1,1,1,4),(4,1,1,1,1,1,1,1,1,1,1,1,1,1,4),(0.,0.142857142857143,
0.285714285714286,0.428571428571429,0.571428571428571,0.714285714285714,
0.857142857142857,1.),(-3.14159265358979,-2.69279370307697,-2.24399475256414,
-1.79519580205131,-1.34639685153848,-1.0471975511966,-0.448798950512828,
-0.149599650170943,0.448798950512828,0.747998250854713,1.34639685153848,
1.64559615188037,2.24399475256414,2.69279370307697,3.14159265358979),
 .UNSPECIFIED.);
#19=ELLIPSE('',#2258,0.282842712474619,0.2);
#20=ELLIPSE('',#2268,0.282842712474619,0.2);
#21=ELLIPSE('',#2271,0.282842712474619,0.2);
#22=ELLIPSE('',#2292,0.282842712474619,0.2);
#23=ELLIPSE('',#2328,0.282842712474619,0.2);
#24=ELLIPSE('',#2340,0.282842712474619,0.2);
#25=ELLIPSE('',#2354,0.282842712474619,0.2);
#26=ELLIPSE('',#2366,0.282842712474619,0.2);
#27=FACE_BOUND('',#281,.T.);
#28=FACE_BOUND('',#314,.T.);
#29=FACE_BOUND('',#338,.T.);
#30=PLANE('',#2231);
#31=PLANE('',#2234);
#32=PLANE('',#2237);
#33=PLANE('',#2240);
#34=PLANE('',#2243);
#35=PLANE('',#2246);
#36=PLANE('',#2247);
#37=PLANE('',#2304);
#38=PLANE('',#2307);
#39=PLANE('',#2310);
#40=PLANE('',#2311);
#41=PLANE('',#2314);
#42=PLANE('',#2317);
#43=PLANE('',#2322);
#44=PLANE('',#2378);
#45=PLANE('',#2379);
#46=PLANE('',#2444);
#47=PLANE('',#2446);
#48=PLANE('',#2447);
#49=PLANE('',#2448);
#50=PLANE('',#2450);
#51=PLANE('',#2452);
#52=PLANE('',#2453);
#53=PLANE('',#2455);
#54=PLANE('',#2458);
#55=PLANE('',#2461);
#56=PLANE('',#2463);
#57=PLANE('',#2466);
#58=PLANE('',#2467);
#59=SPHERICAL_SURFACE('',#2191,0.2);
#60=SPHERICAL_SURFACE('',#2208,0.2);
#61=SPHERICAL_SURFACE('',#2225,0.2);
#62=SPHERICAL_SURFACE('',#2227,0.2);
#63=SPHERICAL_SURFACE('',#2397,0.2);
#64=SPHERICAL_SURFACE('',#2401,0.2);
#65=SPHERICAL_SURFACE('',#2410,0.2);
#66=SPHERICAL_SURFACE('',#2414,0.2);
#67=SPHERICAL_SURFACE('',#2425,0.2);
#68=SPHERICAL_SURFACE('',#2430,0.2);
#69=SPHERICAL_SURFACE('',#2441,0.2);
#70=SPHERICAL_SURFACE('',#2443,0.2);
#71=TOROIDAL_SURFACE('',#2164,0.4,0.2);
#72=TOROIDAL_SURFACE('',#2170,0.4,0.2);
#73=TOROIDAL_SURFACE('',#2179,0.4,0.2);
#74=TOROIDAL_SURFACE('',#2185,0.4,0.2);
#75=TOROIDAL_SURFACE('',#2196,0.4,0.2);
#76=TOROIDAL_SURFACE('',#2202,0.4,0.2);
#77=TOROIDAL_SURFACE('',#2213,0.4,0.2);
#78=TOROIDAL_SURFACE('',#2219,0.4,0.2);
#79=TOROIDAL_SURFACE('',#2259,0.65,0.2);
#80=TOROIDAL_SURFACE('',#2264,0.65,0.2);
#81=TOROIDAL_SURFACE('',#2272,0.65,0.2);
#82=TOROIDAL_SURFACE('',#2277,0.65,0.2);
#83=TOROIDAL_SURFACE('',#2283,0.65,0.2);
#84=TOROIDAL_SURFACE('',#2288,0.65,0.2);
#85=TOROIDAL_SURFACE('',#2295,0.65,0.2);
#86=TOROIDAL_SURFACE('',#2300,0.65,0.2);
#87=TOROIDAL_SURFACE('',#2318,11.95,0.2);
#88=TOROIDAL_SURFACE('',#2329,1.05,0.2);
#89=TOROIDAL_SURFACE('',#2335,1.05,0.2);
#90=TOROIDAL_SURFACE('',#2343,1.05,0.2);
#91=TOROIDAL_SURFACE('',#2349,1.05,0.2);
#92=TOROIDAL_SURFACE('',#2357,1.05,0.2);
#93=TOROIDAL_SURFACE('',#2362,1.05,0.2);
#94=TOROIDAL_SURFACE('',#2369,1.05,0.2);
#95=TOROIDAL_SURFACE('',#2374,1.05,0.2);
#96=TOROIDAL_SURFACE('',#2381,12.45,0.2);
#97=TOROIDAL_SURFACE('',#2392,0.4,0.2);
#98=TOROIDAL_SURFACE('',#2405,0.4,0.2);
#99=TOROIDAL_SURFACE('',#2419,0.4,0.2);
#100=TOROIDAL_SURFACE('',#2435,0.4,0.2);
#101=FACE_OUTER_BOUND('',#244,.T.);
#102=FACE_OUTER_BOUND('',#245,.T.);
#103=FACE_OUTER_BOUND('',#246,.T.);
#104=FACE_OUTER_BOUND('',#247,.T.);
#105=FACE_OUTER_BOUND('',#248,.T.);
#106=FACE_OUTER_BOUND('',#249,.T.);
#107=FACE_OUTER_BOUND('',#250,.T.);
#108=FACE_OUTER_BOUND('',#251,.T.);
#109=FACE_OUTER_BOUND('',#252,.T.);
#110=FACE_OUTER_BOUND('',#253,.T.);
#111=FACE_OUTER_BOUND('',#254,.T.);
#112=FACE_OUTER_BOUND('',#255,.T.);
#113=FACE_OUTER_BOUND('',#256,.T.);
#114=FACE_OUTER_BOUND('',#257,.T.);
#115=FACE_OUTER_BOUND('',#258,.T.);
#116=FACE_OUTER_BOUND('',#259,.T.);
#117=FACE_OUTER_BOUND('',#260,.T.);
#118=FACE_OUTER_BOUND('',#261,.T.);
#119=FACE_OUTER_BOUND('',#262,.T.);
#120=FACE_OUTER_BOUND('',#263,.T.);
#121=FACE_OUTER_BOUND('',#264,.T.);
#122=FACE_OUTER_BOUND('',#265,.T.);
#123=FACE_OUTER_BOUND('',#266,.T.);
#124=FACE_OUTER_BOUND('',#267,.T.);
#125=FACE_OUTER_BOUND('',#268,.T.);
#126=FACE_OUTER_BOUND('',#269,.T.);
#127=FACE_OUTER_BOUND('',#270,.T.);
#128=FACE_OUTER_BOUND('',#271,.T.);
#129=FACE_OUTER_BOUND('',#272,.T.);
#130=FACE_OUTER_BOUND('',#273,.T.);
#131=FACE_OUTER_BOUND('',#274,.T.);
#132=FACE_OUTER_BOUND('',#275,.T.);
#133=FACE_OUTER_BOUND('',#276,.T.);
#134=FACE_OUTER_BOUND('',#277,.T.);
#135=FACE_OUTER_BOUND('',#278,.T.);
#136=FACE_OUTER_BOUND('',#279,.T.);
#137=FACE_OUTER_BOUND('',#280,.T.);
#138=FACE_OUTER_BOUND('',#282,.T.);
#139=FACE_OUTER_BOUND('',#283,.T.);
#140=FACE_OUTER_BOUND('',#284,.T.);
#141=FACE_OUTER_BOUND('',#285,.T.);
#142=FACE_OUTER_BOUND('',#286,.T.);
#143=FACE_OUTER_BOUND('',#287,.T.);
#144=FACE_OUTER_BOUND('',#288,.T.);
#145=FACE_OUTER_BOUND('',#289,.T.);
#146=FACE_OUTER_BOUND('',#290,.T.);
#147=FACE_OUTER_BOUND('',#291,.T.);
#148=FACE_OUTER_BOUND('',#292,.T.);
#149=FACE_OUTER_BOUND('',#293,.T.);
#150=FACE_OUTER_BOUND('',#294,.T.);
#151=FACE_OUTER_BOUND('',#295,.T.);
#152=FACE_OUTER_BOUND('',#296,.T.);
#153=FACE_OUTER_BOUND('',#297,.T.);
#154=FACE_OUTER_BOUND('',#298,.T.);
#155=FACE_OUTER_BOUND('',#299,.T.);
#156=FACE_OUTER_BOUND('',#300,.T.);
#157=FACE_OUTER_BOUND('',#301,.T.);
#158=FACE_OUTER_BOUND('',#302,.T.);
#159=FACE_OUTER_BOUND('',#303,.T.);
#160=FACE_OUTER_BOUND('',#304,.T.);
#161=FACE_OUTER_BOUND('',#305,.T.);
#162=FACE_OUTER_BOUND('',#306,.T.);
#163=FACE_OUTER_BOUND('',#307,.T.);
#164=FACE_OUTER_BOUND('',#308,.T.);
#165=FACE_OUTER_BOUND('',#309,.T.);
#166=FACE_OUTER_BOUND('',#310,.T.);
#167=FACE_OUTER_BOUND('',#311,.T.);
#168=FACE_OUTER_BOUND('',#312,.T.);
#169=FACE_OUTER_BOUND('',#313,.T.);
#170=FACE_OUTER_BOUND('',#315,.T.);
#171=FACE_OUTER_BOUND('',#316,.T.);
#172=FACE_OUTER_BOUND('',#317,.T.);
#173=FACE_OUTER_BOUND('',#318,.T.);
#174=FACE_OUTER_BOUND('',#319,.T.);
#175=FACE_OUTER_BOUND('',#320,.T.);
#176=FACE_OUTER_BOUND('',#321,.T.);
#177=FACE_OUTER_BOUND('',#322,.T.);
#178=FACE_OUTER_BOUND('',#323,.T.);
#179=FACE_OUTER_BOUND('',#324,.T.);
#180=FACE_OUTER_BOUND('',#325,.T.);
#181=FACE_OUTER_BOUND('',#326,.T.);
#182=FACE_OUTER_BOUND('',#327,.T.);
#183=FACE_OUTER_BOUND('',#328,.T.);
#184=FACE_OUTER_BOUND('',#329,.T.);
#185=FACE_OUTER_BOUND('',#330,.T.);
#186=FACE_OUTER_BOUND('',#331,.T.);
#187=FACE_OUTER_BOUND('',#332,.T.);
#188=FACE_OUTER_BOUND('',#333,.T.);
#189=FACE_OUTER_BOUND('',#334,.T.);
#190=FACE_OUTER_BOUND('',#335,.T.);
#191=FACE_OUTER_BOUND('',#336,.T.);
#192=FACE_OUTER_BOUND('',#337,.T.);
#193=FACE_OUTER_BOUND('',#339,.T.);
#194=FACE_OUTER_BOUND('',#340,.T.);
#195=FACE_OUTER_BOUND('',#341,.T.);
#196=FACE_OUTER_BOUND('',#342,.T.);
#197=FACE_OUTER_BOUND('',#343,.T.);
#198=FACE_OUTER_BOUND('',#344,.T.);
#199=FACE_OUTER_BOUND('',#345,.T.);
#200=FACE_OUTER_BOUND('',#346,.T.);
#201=FACE_OUTER_BOUND('',#347,.T.);
#202=FACE_OUTER_BOUND('',#348,.T.);
#203=FACE_OUTER_BOUND('',#349,.T.);
#204=FACE_OUTER_BOUND('',#350,.T.);
#205=FACE_OUTER_BOUND('',#351,.T.);
#206=FACE_OUTER_BOUND('',#352,.T.);
#207=FACE_OUTER_BOUND('',#353,.T.);
#208=FACE_OUTER_BOUND('',#354,.T.);
#209=FACE_OUTER_BOUND('',#355,.T.);
#210=FACE_OUTER_BOUND('',#356,.T.);
#211=FACE_OUTER_BOUND('',#357,.T.);
#212=FACE_OUTER_BOUND('',#358,.T.);
#213=FACE_OUTER_BOUND('',#359,.T.);
#214=FACE_OUTER_BOUND('',#360,.T.);
#215=FACE_OUTER_BOUND('',#361,.T.);
#216=FACE_OUTER_BOUND('',#362,.T.);
#217=FACE_OUTER_BOUND('',#363,.T.);
#218=FACE_OUTER_BOUND('',#364,.T.);
#219=FACE_OUTER_BOUND('',#365,.T.);
#220=FACE_OUTER_BOUND('',#366,.T.);
#221=FACE_OUTER_BOUND('',#367,.T.);
#222=FACE_OUTER_BOUND('',#368,.T.);
#223=FACE_OUTER_BOUND('',#369,.T.);
#224=FACE_OUTER_BOUND('',#370,.T.);
#225=FACE_OUTER_BOUND('',#371,.T.);
#226=FACE_OUTER_BOUND('',#372,.T.);
#227=FACE_OUTER_BOUND('',#373,.T.);
#228=FACE_OUTER_BOUND('',#374,.T.);
#229=FACE_OUTER_BOUND('',#375,.T.);
#230=FACE_OUTER_BOUND('',#376,.T.);
#231=FACE_OUTER_BOUND('',#377,.T.);
#232=FACE_OUTER_BOUND('',#378,.T.);
#233=FACE_OUTER_BOUND('',#379,.T.);
#234=FACE_OUTER_BOUND('',#380,.T.);
#235=FACE_OUTER_BOUND('',#381,.T.);
#236=FACE_OUTER_BOUND('',#382,.T.);
#237=FACE_OUTER_BOUND('',#383,.T.);
#238=FACE_OUTER_BOUND('',#384,.T.);
#239=FACE_OUTER_BOUND('',#385,.T.);
#240=FACE_OUTER_BOUND('',#386,.T.);
#241=FACE_OUTER_BOUND('',#387,.T.);
#242=FACE_OUTER_BOUND('',#388,.T.);
#243=FACE_OUTER_BOUND('',#389,.T.);
#244=EDGE_LOOP('',(#1314,#1315,#1316,#1317));
#245=EDGE_LOOP('',(#1318,#1319,#1320,#1321));
#246=EDGE_LOOP('',(#1322,#1323,#1324,#1325));
#247=EDGE_LOOP('',(#1326,#1327,#1328,#1329));
#248=EDGE_LOOP('',(#1330,#1331,#1332,#1333));
#249=EDGE_LOOP('',(#1334,#1335,#1336,#1337));
#250=EDGE_LOOP('',(#1338,#1339,#1340,#1341));
#251=EDGE_LOOP('',(#1342,#1343,#1344,#1345));
#252=EDGE_LOOP('',(#1346,#1347,#1348,#1349));
#253=EDGE_LOOP('',(#1350,#1351,#1352,#1353));
#254=EDGE_LOOP('',(#1354,#1355,#1356));
#255=EDGE_LOOP('',(#1357,#1358,#1359,#1360));
#256=EDGE_LOOP('',(#1361,#1362,#1363,#1364));
#257=EDGE_LOOP('',(#1365,#1366,#1367,#1368));
#258=EDGE_LOOP('',(#1369,#1370,#1371,#1372));
#259=EDGE_LOOP('',(#1373,#1374,#1375,#1376));
#260=EDGE_LOOP('',(#1377,#1378,#1379));
#261=EDGE_LOOP('',(#1380,#1381,#1382,#1383));
#262=EDGE_LOOP('',(#1384,#1385,#1386,#1387));
#263=EDGE_LOOP('',(#1388,#1389,#1390,#1391));
#264=EDGE_LOOP('',(#1392,#1393,#1394,#1395));
#265=EDGE_LOOP('',(#1396,#1397,#1398,#1399));
#266=EDGE_LOOP('',(#1400,#1401,#1402));
#267=EDGE_LOOP('',(#1403,#1404,#1405));
#268=EDGE_LOOP('',(#1406,#1407,#1408,#1409));
#269=EDGE_LOOP('',(#1410,#1411,#1412,#1413));
#270=EDGE_LOOP('',(#1414,#1415,#1416,#1417));
#271=EDGE_LOOP('',(#1418,#1419,#1420,#1421));
#272=EDGE_LOOP('',(#1422,#1423,#1424,#1425));
#273=EDGE_LOOP('',(#1426,#1427,#1428,#1429));
#274=EDGE_LOOP('',(#1430,#1431,#1432,#1433));
#275=EDGE_LOOP('',(#1434,#1435,#1436,#1437));
#276=EDGE_LOOP('',(#1438,#1439,#1440,#1441));
#277=EDGE_LOOP('',(#1442,#1443,#1444,#1445));
#278=EDGE_LOOP('',(#1446,#1447,#1448,#1449));
#279=EDGE_LOOP('',(#1450,#1451,#1452,#1453));
#280=EDGE_LOOP('',(#1454,#1455,#1456,#1457,#1458,#1459,#1460,#1461,#1462,
#1463,#1464,#1465,#1466,#1467,#1468,#1469,#1470,#1471,#1472,#1473));
#281=EDGE_LOOP('',(#1474,#1475,#1476,#1477,#1478,#1479,#1480,#1481,#1482,
#1483,#1484,#1485,#1486,#1487,#1488,#1489,#1490,#1491,#1492,#1493));
#282=EDGE_LOOP('',(#1494,#1495,#1496,#1497));
#283=EDGE_LOOP('',(#1498,#1499,#1500,#1501));
#284=EDGE_LOOP('',(#1502,#1503,#1504,#1505));
#285=EDGE_LOOP('',(#1506,#1507,#1508,#1509));
#286=EDGE_LOOP('',(#1510,#1511,#1512,#1513));
#287=EDGE_LOOP('',(#1514,#1515,#1516,#1517));
#288=EDGE_LOOP('',(#1518,#1519,#1520,#1521));
#289=EDGE_LOOP('',(#1522,#1523,#1524,#1525));
#290=EDGE_LOOP('',(#1526,#1527,#1528,#1529));
#291=EDGE_LOOP('',(#1530,#1531,#1532,#1533));
#292=EDGE_LOOP('',(#1534,#1535,#1536,#1537));
#293=EDGE_LOOP('',(#1538,#1539,#1540,#1541));
#294=EDGE_LOOP('',(#1542,#1543,#1544,#1545));
#295=EDGE_LOOP('',(#1546,#1547,#1548,#1549));
#296=EDGE_LOOP('',(#1550,#1551,#1552,#1553));
#297=EDGE_LOOP('',(#1554,#1555,#1556,#1557));
#298=EDGE_LOOP('',(#1558,#1559,#1560,#1561));
#299=EDGE_LOOP('',(#1562,#1563,#1564,#1565));
#300=EDGE_LOOP('',(#1566,#1567,#1568,#1569));
#301=EDGE_LOOP('',(#1570,#1571,#1572,#1573));
#302=EDGE_LOOP('',(#1574,#1575,#1576,#1577));
#303=EDGE_LOOP('',(#1578,#1579,#1580,#1581));
#304=EDGE_LOOP('',(#1582,#1583,#1584,#1585));
#305=EDGE_LOOP('',(#1586,#1587,#1588,#1589));
#306=EDGE_LOOP('',(#1590,#1591,#1592,#1593));
#307=EDGE_LOOP('',(#1594,#1595,#1596,#1597));
#308=EDGE_LOOP('',(#1598,#1599,#1600,#1601));
#309=EDGE_LOOP('',(#1602,#1603,#1604,#1605));
#310=EDGE_LOOP('',(#1606,#1607,#1608,#1609));
#311=EDGE_LOOP('',(#1610,#1611,#1612,#1613));
#312=EDGE_LOOP('',(#1614,#1615,#1616,#1617));
#313=EDGE_LOOP('',(#1618));
#314=EDGE_LOOP('',(#1619));
#315=EDGE_LOOP('',(#1620,#1621,#1622,#1623));
#316=EDGE_LOOP('',(#1624,#1625,#1626,#1627));
#317=EDGE_LOOP('',(#1628,#1629,#1630,#1631));
#318=EDGE_LOOP('',(#1632,#1633,#1634,#1635));
#319=EDGE_LOOP('',(#1636,#1637,#1638,#1639));
#320=EDGE_LOOP('',(#1640,#1641,#1642,#1643));
#321=EDGE_LOOP('',(#1644,#1645,#1646,#1647));
#322=EDGE_LOOP('',(#1648,#1649,#1650,#1651));
#323=EDGE_LOOP('',(#1652,#1653,#1654,#1655));
#324=EDGE_LOOP('',(#1656,#1657,#1658,#1659));
#325=EDGE_LOOP('',(#1660,#1661,#1662,#1663));
#326=EDGE_LOOP('',(#1664,#1665,#1666,#1667));
#327=EDGE_LOOP('',(#1668,#1669,#1670,#1671));
#328=EDGE_LOOP('',(#1672,#1673,#1674,#1675));
#329=EDGE_LOOP('',(#1676,#1677,#1678,#1679));
#330=EDGE_LOOP('',(#1680,#1681,#1682,#1683));
#331=EDGE_LOOP('',(#1684,#1685,#1686,#1687));
#332=EDGE_LOOP('',(#1688,#1689,#1690,#1691));
#333=EDGE_LOOP('',(#1692,#1693,#1694,#1695));
#334=EDGE_LOOP('',(#1696,#1697,#1698,#1699));
#335=EDGE_LOOP('',(#1700,#1701,#1702,#1703));
#336=EDGE_LOOP('',(#1704,#1705,#1706,#1707));
#337=EDGE_LOOP('',(#1708));
#338=EDGE_LOOP('',(#1709,#1710,#1711,#1712,#1713,#1714,#1715,#1716,#1717,
#1718,#1719,#1720,#1721,#1722,#1723,#1724,#1725,#1726,#1727,#1728));
#339=EDGE_LOOP('',(#1729,#1730,#1731,#1732));
#340=EDGE_LOOP('',(#1733,#1734,#1735,#1736));
#341=EDGE_LOOP('',(#1737,#1738,#1739,#1740));
#342=EDGE_LOOP('',(#1741,#1742,#1743,#1744));
#343=EDGE_LOOP('',(#1745,#1746,#1747,#1748));
#344=EDGE_LOOP('',(#1749,#1750,#1751,#1752));
#345=EDGE_LOOP('',(#1753,#1754,#1755));
#346=EDGE_LOOP('',(#1756,#1757,#1758,#1759));
#347=EDGE_LOOP('',(#1760,#1761,#1762));
#348=EDGE_LOOP('',(#1763,#1764,#1765,#1766));
#349=EDGE_LOOP('',(#1767,#1768,#1769,#1770));
#350=EDGE_LOOP('',(#1771,#1772,#1773,#1774));
#351=EDGE_LOOP('',(#1775,#1776,#1777));
#352=EDGE_LOOP('',(#1778,#1779,#1780,#1781));
#353=EDGE_LOOP('',(#1782,#1783,#1784));
#354=EDGE_LOOP('',(#1785,#1786,#1787,#1788));
#355=EDGE_LOOP('',(#1789,#1790,#1791,#1792));
#356=EDGE_LOOP('',(#1793,#1794,#1795,#1796));
#357=EDGE_LOOP('',(#1797,#1798,#1799));
#358=EDGE_LOOP('',(#1800,#1801,#1802,#1803));
#359=EDGE_LOOP('',(#1804,#1805,#1806));
#360=EDGE_LOOP('',(#1807,#1808,#1809,#1810));
#361=EDGE_LOOP('',(#1811,#1812,#1813,#1814));
#362=EDGE_LOOP('',(#1815,#1816,#1817,#1818));
#363=EDGE_LOOP('',(#1819,#1820,#1821));
#364=EDGE_LOOP('',(#1822,#1823,#1824));
#365=EDGE_LOOP('',(#1825,#1826,#1827,#1828));
#366=EDGE_LOOP('',(#1829,#1830,#1831,#1832));
#367=EDGE_LOOP('',(#1833,#1834,#1835,#1836));
#368=EDGE_LOOP('',(#1837,#1838,#1839,#1840,#1841,#1842,#1843,#1844,#1845,
#1846,#1847,#1848,#1849,#1850,#1851,#1852));
#369=EDGE_LOOP('',(#1853,#1854,#1855,#1856));
#370=EDGE_LOOP('',(#1857,#1858,#1859,#1860));
#371=EDGE_LOOP('',(#1861,#1862,#1863,#1864));
#372=EDGE_LOOP('',(#1865,#1866,#1867,#1868));
#373=EDGE_LOOP('',(#1869,#1870,#1871,#1872));
#374=EDGE_LOOP('',(#1873,#1874,#1875,#1876));
#375=EDGE_LOOP('',(#1877,#1878,#1879,#1880));
#376=EDGE_LOOP('',(#1881,#1882,#1883,#1884));
#377=EDGE_LOOP('',(#1885,#1886,#1887,#1888));
#378=EDGE_LOOP('',(#1889,#1890,#1891,#1892));
#379=EDGE_LOOP('',(#1893,#1894,#1895,#1896));
#380=EDGE_LOOP('',(#1897));
#381=EDGE_LOOP('',(#1898,#1899,#1900,#1901));
#382=EDGE_LOOP('',(#1902,#1903,#1904,#1905));
#383=EDGE_LOOP('',(#1906,#1907,#1908,#1909));
#384=EDGE_LOOP('',(#1910,#1911,#1912,#1913));
#385=EDGE_LOOP('',(#1914,#1915,#1916,#1917));
#386=EDGE_LOOP('',(#1918,#1919,#1920,#1921));
#387=EDGE_LOOP('',(#1922,#1923,#1924,#1925));
#388=EDGE_LOOP('',(#1926,#1927,#1928,#1929));
#389=EDGE_LOOP('',(#1930,#1931,#1932,#1933));
#390=LINE('',#3232,#532);
#391=LINE('',#3235,#533);
#392=LINE('',#3246,#534);
#393=LINE('',#3247,#535);
#394=LINE('',#3258,#536);
#395=LINE('',#3259,#537);
#396=LINE('',#3265,#538);
#397=LINE('',#3267,#539);
#398=LINE('',#3278,#540);
#399=LINE('',#3279,#541);
#400=LINE('',#3290,#542);
#401=LINE('',#3291,#543);
#402=LINE('',#3299,#544);
#403=LINE('',#3301,#545);
#404=LINE('',#3312,#546);
#405=LINE('',#3313,#547);
#406=LINE('',#3324,#548);
#407=LINE('',#3325,#549);
#408=LINE('',#3333,#550);
#409=LINE('',#3335,#551);
#410=LINE('',#3346,#552);
#411=LINE('',#3347,#553);
#412=LINE('',#3357,#554);
#413=LINE('',#3358,#555);
#414=LINE('',#3365,#556);
#415=LINE('',#3368,#557);
#416=LINE('',#3371,#558);
#417=LINE('',#3372,#559);
#418=LINE('',#3375,#560);
#419=LINE('',#3379,#561);
#420=LINE('',#3380,#562);
#421=LINE('',#3383,#563);
#422=LINE('',#3387,#564);
#423=LINE('',#3388,#565);
#424=LINE('',#3391,#566);
#425=LINE('',#3395,#567);
#426=LINE('',#3396,#568);
#427=LINE('',#3399,#569);
#428=LINE('',#3403,#570);
#429=LINE('',#3404,#571);
#430=LINE('',#3407,#572);
#431=LINE('',#3411,#573);
#432=LINE('',#3412,#574);
#433=LINE('',#3416,#575);
#434=LINE('',#3420,#576);
#435=LINE('',#3424,#577);
#436=LINE('',#3426,#578);
#437=LINE('',#3430,#579);
#438=LINE('',#3434,#580);
#439=LINE('',#3436,#581);
#440=LINE('',#3440,#582);
#441=LINE('',#3444,#583);
#442=LINE('',#3446,#584);
#443=LINE('',#3450,#585);
#444=LINE('',#3453,#586);
#445=LINE('',#3457,#587);
#446=LINE('',#3467,#588);
#447=LINE('',#3474,#589);
#448=LINE('',#3479,#590);
#449=LINE('',#3489,#591);
#450=LINE('',#3495,#592);
#451=LINE('',#3498,#593);
#452=LINE('',#3507,#594);
#453=LINE('',#3514,#595);
#454=LINE('',#3518,#596);
#455=LINE('',#3527,#597);
#456=LINE('',#3533,#598);
#457=LINE('',#3536,#599);
#458=LINE('',#3538,#600);
#459=LINE('',#3539,#601);
#460=LINE('',#3542,#602);
#461=LINE('',#3546,#603);
#462=LINE('',#3547,#604);
#463=LINE('',#3550,#605);
#464=LINE('',#3554,#606);
#465=LINE('',#3555,#607);
#466=LINE('',#3558,#608);
#467=LINE('',#3559,#609);
#468=LINE('',#3562,#610);
#469=LINE('',#3566,#611);
#470=LINE('',#3567,#612);
#471=LINE('',#3570,#613);
#472=LINE('',#3574,#614);
#473=LINE('',#3575,#615);
#474=LINE('',#3587,#616);
#475=LINE('',#3592,#617);
#476=LINE('',#3595,#618);
#477=LINE('',#3607,#619);
#478=LINE('',#3608,#620);
#479=LINE('',#3617,#621);
#480=LINE('',#3619,#622);
#481=LINE('',#3623,#623);
#482=LINE('',#3626,#624);
#483=LINE('',#3637,#625);
#484=LINE('',#3638,#626);
#485=LINE('',#3646,#627);
#486=LINE('',#3648,#628);
#487=LINE('',#3652,#629);
#488=LINE('',#3661,#630);
#489=LINE('',#3668,#631);
#490=LINE('',#3672,#632);
#491=LINE('',#3681,#633);
#492=LINE('',#3687,#634);
#493=LINE('',#3689,#635);
#494=LINE('',#3700,#636);
#495=LINE('',#3706,#637);
#496=LINE('',#3711,#638);
#497=LINE('',#3719,#639);
#498=LINE('',#3725,#640);
#499=LINE('',#3731,#641);
#500=LINE('',#3739,#642);
#501=LINE('',#3745,#643);
#502=LINE('',#3748,#644);
#503=LINE('',#3755,#645);
#504=LINE('',#3758,#646);
#505=LINE('',#3769,#647);
#506=LINE('',#3770,#648);
#507=LINE('',#3777,#649);
#508=LINE('',#3780,#650);
#509=LINE('',#3787,#651);
#510=LINE('',#3790,#652);
#511=LINE('',#3799,#653);
#512=LINE('',#3800,#654);
#513=LINE('',#3805,#655);
#514=LINE('',#3807,#656);
#515=LINE('',#3809,#657);
#516=LINE('',#3812,#658);
#517=LINE('',#3814,#659);
#518=LINE('',#3816,#660);
#519=LINE('',#3818,#661);
#520=LINE('',#3820,#662);
#521=LINE('',#3822,#663);
#522=LINE('',#3824,#664);
#523=LINE('',#3826,#665);
#524=LINE('',#4210,#666);
#525=LINE('',#4212,#667);
#526=LINE('',#4213,#668);
#527=LINE('',#4216,#669);
#528=LINE('',#4217,#670);
#529=LINE('',#4219,#671);
#530=LINE('',#4221,#672);
#531=LINE('',#4223,#673);
#532=VECTOR('',#2474,10.);
#533=VECTOR('',#2477,10.);
#534=VECTOR('',#2490,10.);
#535=VECTOR('',#2491,10.);
#536=VECTOR('',#2504,10.);
#537=VECTOR('',#2505,10.);
#538=VECTOR('',#2510,10.);
#539=VECTOR('',#2513,10.);
#540=VECTOR('',#2526,10.);
#541=VECTOR('',#2527,10.);
#542=VECTOR('',#2540,10.);
#543=VECTOR('',#2541,10.);
#544=VECTOR('',#2550,10.);
#545=VECTOR('',#2553,10.);
#546=VECTOR('',#2566,10.);
#547=VECTOR('',#2567,10.);
#548=VECTOR('',#2580,10.);
#549=VECTOR('',#2581,10.);
#550=VECTOR('',#2590,10.);
#551=VECTOR('',#2593,10.);
#552=VECTOR('',#2606,10.);
#553=VECTOR('',#2607,10.);
#554=VECTOR('',#2620,10.);
#555=VECTOR('',#2621,10.);
#556=VECTOR('',#2632,10.);
#557=VECTOR('',#2635,10.);
#558=VECTOR('',#2638,10.);
#559=VECTOR('',#2639,10.);
#560=VECTOR('',#2642,10.);
#561=VECTOR('',#2647,10.);
#562=VECTOR('',#2648,10.);
#563=VECTOR('',#2651,10.);
#564=VECTOR('',#2656,10.);
#565=VECTOR('',#2657,10.);
#566=VECTOR('',#2660,10.);
#567=VECTOR('',#2665,10.);
#568=VECTOR('',#2666,10.);
#569=VECTOR('',#2669,10.);
#570=VECTOR('',#2674,10.);
#571=VECTOR('',#2675,10.);
#572=VECTOR('',#2678,10.);
#573=VECTOR('',#2683,10.);
#574=VECTOR('',#2684,10.);
#575=VECTOR('',#2687,10.);
#576=VECTOR('',#2690,10.);
#577=VECTOR('',#2693,10.);
#578=VECTOR('',#2694,10.);
#579=VECTOR('',#2697,10.);
#580=VECTOR('',#2700,10.);
#581=VECTOR('',#2701,10.);
#582=VECTOR('',#2704,10.);
#583=VECTOR('',#2707,10.);
#584=VECTOR('',#2708,10.);
#585=VECTOR('',#2711,10.);
#586=VECTOR('',#2714,10.);
#587=VECTOR('',#2717,10.);
#588=VECTOR('',#2732,10.);
#589=VECTOR('',#2741,10.);
#590=VECTOR('',#2746,10.);
#591=VECTOR('',#2761,10.);
#592=VECTOR('',#2770,10.);
#593=VECTOR('',#2773,10.);
#594=VECTOR('',#2786,10.);
#595=VECTOR('',#2795,10.);
#596=VECTOR('',#2800,10.);
#597=VECTOR('',#2813,10.);
#598=VECTOR('',#2822,10.);
#599=VECTOR('',#2825,10.);
#600=VECTOR('',#2826,10.);
#601=VECTOR('',#2827,10.);
#602=VECTOR('',#2830,10.);
#603=VECTOR('',#2835,10.);
#604=VECTOR('',#2836,10.);
#605=VECTOR('',#2839,10.);
#606=VECTOR('',#2844,10.);
#607=VECTOR('',#2845,10.);
#608=VECTOR('',#2848,10.);
#609=VECTOR('',#2849,10.);
#610=VECTOR('',#2852,10.);
#611=VECTOR('',#2857,10.);
#612=VECTOR('',#2858,10.);
#613=VECTOR('',#2861,10.);
#614=VECTOR('',#2866,10.);
#615=VECTOR('',#2867,10.);
#616=VECTOR('',#2882,12.65);
#617=VECTOR('',#2887,10.);
#618=VECTOR('',#2890,10.);
#619=VECTOR('',#2905,10.);
#620=VECTOR('',#2906,10.);
#621=VECTOR('',#2917,10.);
#622=VECTOR('',#2918,10.);
#623=VECTOR('',#2923,10.);
#624=VECTOR('',#2926,10.);
#625=VECTOR('',#2939,10.);
#626=VECTOR('',#2940,10.);
#627=VECTOR('',#2951,10.);
#628=VECTOR('',#2952,10.);
#629=VECTOR('',#2957,10.);
#630=VECTOR('',#2970,10.);
#631=VECTOR('',#2979,10.);
#632=VECTOR('',#2984,10.);
#633=VECTOR('',#2997,10.);
#634=VECTOR('',#3006,10.);
#635=VECTOR('',#3009,10.);
#636=VECTOR('',#3024,12.65);
#637=VECTOR('',#3031,10.);
#638=VECTOR('',#3038,10.);
#639=VECTOR('',#3049,10.);
#640=VECTOR('',#3058,10.);
#641=VECTOR('',#3067,10.);
#642=VECTOR('',#3078,10.);
#643=VECTOR('',#3085,10.);
#644=VECTOR('',#3088,10.);
#645=VECTOR('',#3097,10.);
#646=VECTOR('',#3100,10.);
#647=VECTOR('',#3113,10.);
#648=VECTOR('',#3114,10.);
#649=VECTOR('',#3123,10.);
#650=VECTOR('',#3126,10.);
#651=VECTOR('',#3135,10.);
#652=VECTOR('',#3138,10.);
#653=VECTOR('',#3151,10.);
#654=VECTOR('',#3152,10.);
#655=VECTOR('',#3161,10.);
#656=VECTOR('',#3164,10.);
#657=VECTOR('',#3167,10.);
#658=VECTOR('',#3172,10.);
#659=VECTOR('',#3175,10.);
#660=VECTOR('',#3178,10.);
#661=VECTOR('',#3181,10.);
#662=VECTOR('',#3184,10.);
#663=VECTOR('',#3187,10.);
#664=VECTOR('',#3190,10.);
#665=VECTOR('',#3193,10.);
#666=VECTOR('',#3202,10.);
#667=VECTOR('',#3205,10.);
#668=VECTOR('',#3206,10.);
#669=VECTOR('',#3211,10.);
#670=VECTOR('',#3212,10.);
#671=VECTOR('',#3215,10.);
#672=VECTOR('',#3218,10.);
#673=VECTOR('',#3221,10.);
#674=CIRCLE('',#2162,0.2);
#675=CIRCLE('',#2163,0.2);
#676=CIRCLE('',#2165,0.2);
#677=CIRCLE('',#2166,0.2);
#678=CIRCLE('',#2167,0.4);
#679=CIRCLE('',#2169,0.2);
#680=CIRCLE('',#2171,0.2);
#681=CIRCLE('',#2172,0.2);
#682=CIRCLE('',#2173,0.4);
#683=CIRCLE('',#2175,0.2);
#684=CIRCLE('',#2177,0.2);
#685=CIRCLE('',#2178,0.2);
#686=CIRCLE('',#2180,0.2);
#687=CIRCLE('',#2181,0.2);
#688=CIRCLE('',#2182,0.4);
#689=CIRCLE('',#2184,0.2);
#690=CIRCLE('',#2186,0.2);
#691=CIRCLE('',#2187,0.2);
#692=CIRCLE('',#2188,0.4);
#693=CIRCLE('',#2190,0.2);
#694=CIRCLE('',#2192,0.2);
#695=CIRCLE('',#2194,0.2);
#696=CIRCLE('',#2195,0.2);
#697=CIRCLE('',#2197,0.2);
#698=CIRCLE('',#2198,0.2);
#699=CIRCLE('',#2199,0.4);
#700=CIRCLE('',#2201,0.2);
#701=CIRCLE('',#2203,0.2);
#702=CIRCLE('',#2204,0.2);
#703=CIRCLE('',#2205,0.4);
#704=CIRCLE('',#2207,0.2);
#705=CIRCLE('',#2209,0.2);
#706=CIRCLE('',#2211,0.2);
#707=CIRCLE('',#2212,0.2);
#708=CIRCLE('',#2214,0.2);
#709=CIRCLE('',#2215,0.2);
#710=CIRCLE('',#2216,0.4);
#711=CIRCLE('',#2218,0.2);
#712=CIRCLE('',#2220,0.2);
#713=CIRCLE('',#2221,0.2);
#714=CIRCLE('',#2222,0.4);
#715=CIRCLE('',#2224,0.2);
#716=CIRCLE('',#2226,0.2);
#717=CIRCLE('',#2228,0.2);
#718=CIRCLE('',#2230,0.2);
#719=CIRCLE('',#2233,0.2);
#720=CIRCLE('',#2236,0.2);
#721=CIRCLE('',#2239,0.2);
#722=CIRCLE('',#2242,0.2);
#723=CIRCLE('',#2245,0.2);
#724=CIRCLE('',#2248,0.65);
#725=CIRCLE('',#2249,0.65);
#726=CIRCLE('',#2250,0.65);
#727=CIRCLE('',#2251,0.65);
#728=CIRCLE('',#2252,0.65);
#729=CIRCLE('',#2253,0.65);
#730=CIRCLE('',#2254,0.65);
#731=CIRCLE('',#2255,0.65);
#732=CIRCLE('',#2257,0.2);
#733=CIRCLE('',#2260,0.2);
#734=CIRCLE('',#2261,0.85);
#735=CIRCLE('',#2263,0.2);
#736=CIRCLE('',#2265,0.2);
#737=CIRCLE('',#2266,0.850000000000001);
#738=CIRCLE('',#2270,0.2);
#739=CIRCLE('',#2273,0.2);
#740=CIRCLE('',#2274,0.85);
#741=CIRCLE('',#2276,0.2);
#742=CIRCLE('',#2278,0.2);
#743=CIRCLE('',#2279,0.850000000000001);
#744=CIRCLE('',#2282,0.2);
#745=CIRCLE('',#2284,0.2);
#746=CIRCLE('',#2285,0.85);
#747=CIRCLE('',#2287,0.2);
#748=CIRCLE('',#2289,0.2);
#749=CIRCLE('',#2290,0.850000000000001);
#750=CIRCLE('',#2294,0.2);
#751=CIRCLE('',#2296,0.2);
#752=CIRCLE('',#2297,0.85);
#753=CIRCLE('',#2299,0.2);
#754=CIRCLE('',#2301,0.2);
#755=CIRCLE('',#2302,0.850000000000001);
#756=CIRCLE('',#2306,0.850000000000001);
#757=CIRCLE('',#2309,0.85);
#758=CIRCLE('',#2313,0.850000000000001);
#759=CIRCLE('',#2316,0.85);
#760=CIRCLE('',#2319,11.95);
#761=CIRCLE('',#2320,0.2);
#762=CIRCLE('',#2321,11.75);
#763=CIRCLE('',#2323,12.45);
#764=CIRCLE('',#2325,11.75);
#765=CIRCLE('',#2327,0.2);
#766=CIRCLE('',#2330,0.2);
#767=CIRCLE('',#2331,0.85);
#768=CIRCLE('',#2332,1.05);
#769=CIRCLE('',#2334,0.2);
#770=CIRCLE('',#2336,0.2);
#771=CIRCLE('',#2337,0.850000000000001);
#772=CIRCLE('',#2338,1.05);
#773=CIRCLE('',#2342,0.2);
#774=CIRCLE('',#2344,0.2);
#775=CIRCLE('',#2345,0.85);
#776=CIRCLE('',#2346,1.05);
#777=CIRCLE('',#2348,0.2);
#778=CIRCLE('',#2350,0.2);
#779=CIRCLE('',#2351,0.850000000000001);
#780=CIRCLE('',#2352,1.05);
#781=CIRCLE('',#2356,0.2);
#782=CIRCLE('',#2358,0.2);
#783=CIRCLE('',#2359,1.05);
#784=CIRCLE('',#2361,0.2);
#785=CIRCLE('',#2363,0.2);
#786=CIRCLE('',#2364,1.05);
#787=CIRCLE('',#2368,0.2);
#788=CIRCLE('',#2370,0.2);
#789=CIRCLE('',#2371,1.05);
#790=CIRCLE('',#2373,0.2);
#791=CIRCLE('',#2375,0.2);
#792=CIRCLE('',#2376,1.05);
#793=CIRCLE('',#2380,10.65);
#794=CIRCLE('',#2382,12.65);
#795=CIRCLE('',#2383,0.2);
#796=CIRCLE('',#2385,12.65);
#797=CIRCLE('',#2387,0.2);
#798=CIRCLE('',#2388,0.2);
#799=CIRCLE('',#2390,0.2);
#800=CIRCLE('',#2391,0.2);
#801=CIRCLE('',#2393,0.2);
#802=CIRCLE('',#2394,0.4);
#803=CIRCLE('',#2396,0.2);
#804=CIRCLE('',#2399,0.2);
#805=CIRCLE('',#2400,0.2);
#806=CIRCLE('',#2403,0.2);
#807=CIRCLE('',#2404,0.2);
#808=CIRCLE('',#2406,0.2);
#809=CIRCLE('',#2407,0.4);
#810=CIRCLE('',#2409,0.2);
#811=CIRCLE('',#2412,0.2);
#812=CIRCLE('',#2413,0.2);
#813=CIRCLE('',#2415,0.2);
#814=CIRCLE('',#2417,0.2);
#815=CIRCLE('',#2418,0.2);
#816=CIRCLE('',#2420,0.2);
#817=CIRCLE('',#2421,0.4);
#818=CIRCLE('',#2422,0.2);
#819=CIRCLE('',#2424,0.2);
#820=CIRCLE('',#2426,0.2);
#821=CIRCLE('',#2428,0.2);
#822=CIRCLE('',#2429,0.2);
#823=CIRCLE('',#2431,0.2);
#824=CIRCLE('',#2433,0.2);
#825=CIRCLE('',#2434,0.2);
#826=CIRCLE('',#2436,0.2);
#827=CIRCLE('',#2437,0.4);
#828=CIRCLE('',#2438,0.2);
#829=CIRCLE('',#2440,0.2);
#830=CIRCLE('',#2442,0.2);
#831=CIRCLE('',#2457,10.65);
#832=VERTEX_POINT('',#3228);
#833=VERTEX_POINT('',#3229);
#834=VERTEX_POINT('',#3231);
#835=VERTEX_POINT('',#3233);
#836=VERTEX_POINT('',#3237);
#837=VERTEX_POINT('',#3238);
#838=VERTEX_POINT('',#3243);
#839=VERTEX_POINT('',#3244);
#840=VERTEX_POINT('',#3249);
#841=VERTEX_POINT('',#3250);
#842=VERTEX_POINT('',#3255);
#843=VERTEX_POINT('',#3256);
#844=VERTEX_POINT('',#3261);
#845=VERTEX_POINT('',#3262);
#846=VERTEX_POINT('',#3264);
#847=VERTEX_POINT('',#3269);
#848=VERTEX_POINT('',#3270);
#849=VERTEX_POINT('',#3275);
#850=VERTEX_POINT('',#3276);
#851=VERTEX_POINT('',#3281);
#852=VERTEX_POINT('',#3282);
#853=VERTEX_POINT('',#3287);
#854=VERTEX_POINT('',#3288);
#855=VERTEX_POINT('',#3295);
#856=VERTEX_POINT('',#3296);
#857=VERTEX_POINT('',#3298);
#858=VERTEX_POINT('',#3303);
#859=VERTEX_POINT('',#3304);
#860=VERTEX_POINT('',#3309);
#861=VERTEX_POINT('',#3310);
#862=VERTEX_POINT('',#3315);
#863=VERTEX_POINT('',#3316);
#864=VERTEX_POINT('',#3321);
#865=VERTEX_POINT('',#3322);
#866=VERTEX_POINT('',#3329);
#867=VERTEX_POINT('',#3330);
#868=VERTEX_POINT('',#3332);
#869=VERTEX_POINT('',#3337);
#870=VERTEX_POINT('',#3338);
#871=VERTEX_POINT('',#3343);
#872=VERTEX_POINT('',#3344);
#873=VERTEX_POINT('',#3349);
#874=VERTEX_POINT('',#3350);
#875=VERTEX_POINT('',#3355);
#876=VERTEX_POINT('',#3364);
#877=VERTEX_POINT('',#3366);
#878=VERTEX_POINT('',#3370);
#879=VERTEX_POINT('',#3374);
#880=VERTEX_POINT('',#3378);
#881=VERTEX_POINT('',#3382);
#882=VERTEX_POINT('',#3386);
#883=VERTEX_POINT('',#3390);
#884=VERTEX_POINT('',#3394);
#885=VERTEX_POINT('',#3398);
#886=VERTEX_POINT('',#3402);
#887=VERTEX_POINT('',#3406);
#888=VERTEX_POINT('',#3410);
#889=VERTEX_POINT('',#3414);
#890=VERTEX_POINT('',#3415);
#891=VERTEX_POINT('',#3417);
#892=VERTEX_POINT('',#3419);
#893=VERTEX_POINT('',#3421);
#894=VERTEX_POINT('',#3423);
#895=VERTEX_POINT('',#3425);
#896=VERTEX_POINT('',#3427);
#897=VERTEX_POINT('',#3429);
#898=VERTEX_POINT('',#3431);
#899=VERTEX_POINT('',#3433);
#900=VERTEX_POINT('',#3435);
#901=VERTEX_POINT('',#3437);
#902=VERTEX_POINT('',#3439);
#903=VERTEX_POINT('',#3441);
#904=VERTEX_POINT('',#3443);
#905=VERTEX_POINT('',#3445);
#906=VERTEX_POINT('',#3447);
#907=VERTEX_POINT('',#3449);
#908=VERTEX_POINT('',#3451);
#909=VERTEX_POINT('',#3455);
#910=VERTEX_POINT('',#3456);
#911=VERTEX_POINT('',#3461);
#912=VERTEX_POINT('',#3465);
#913=VERTEX_POINT('',#3469);
#914=VERTEX_POINT('',#3473);
#915=VERTEX_POINT('',#3477);
#916=VERTEX_POINT('',#3478);
#917=VERTEX_POINT('',#3483);
#918=VERTEX_POINT('',#3487);
#919=VERTEX_POINT('',#3491);
#920=VERTEX_POINT('',#3497);
#921=VERTEX_POINT('',#3501);
#922=VERTEX_POINT('',#3505);
#923=VERTEX_POINT('',#3509);
#924=VERTEX_POINT('',#3513);
#925=VERTEX_POINT('',#3517);
#926=VERTEX_POINT('',#3521);
#927=VERTEX_POINT('',#3525);
#928=VERTEX_POINT('',#3529);
#929=VERTEX_POINT('',#3535);
#930=VERTEX_POINT('',#3537);
#931=VERTEX_POINT('',#3541);
#932=VERTEX_POINT('',#3545);
#933=VERTEX_POINT('',#3549);
#934=VERTEX_POINT('',#3553);
#935=VERTEX_POINT('',#3557);
#936=VERTEX_POINT('',#3561);
#937=VERTEX_POINT('',#3565);
#938=VERTEX_POINT('',#3569);
#939=VERTEX_POINT('',#3573);
#940=VERTEX_POINT('',#3577);
#941=VERTEX_POINT('',#3579);
#942=VERTEX_POINT('',#3583);
#943=VERTEX_POINT('',#3586);
#944=VERTEX_POINT('',#3590);
#945=VERTEX_POINT('',#3591);
#946=VERTEX_POINT('',#3593);
#947=VERTEX_POINT('',#3598);
#948=VERTEX_POINT('',#3599);
#949=VERTEX_POINT('',#3604);
#950=VERTEX_POINT('',#3605);
#951=VERTEX_POINT('',#3610);
#952=VERTEX_POINT('',#3611);
#953=VERTEX_POINT('',#3616);
#954=VERTEX_POINT('',#3618);
#955=VERTEX_POINT('',#3622);
#956=VERTEX_POINT('',#3624);
#957=VERTEX_POINT('',#3628);
#958=VERTEX_POINT('',#3629);
#959=VERTEX_POINT('',#3634);
#960=VERTEX_POINT('',#3635);
#961=VERTEX_POINT('',#3640);
#962=VERTEX_POINT('',#3641);
#963=VERTEX_POINT('',#3647);
#964=VERTEX_POINT('',#3651);
#965=VERTEX_POINT('',#3655);
#966=VERTEX_POINT('',#3659);
#967=VERTEX_POINT('',#3663);
#968=VERTEX_POINT('',#3667);
#969=VERTEX_POINT('',#3671);
#970=VERTEX_POINT('',#3675);
#971=VERTEX_POINT('',#3679);
#972=VERTEX_POINT('',#3683);
#973=VERTEX_POINT('',#3691);
#974=VERTEX_POINT('',#3694);
#975=VERTEX_POINT('',#3698);
#976=VERTEX_POINT('',#3702);
#977=VERTEX_POINT('',#3704);
#978=VERTEX_POINT('',#3709);
#979=VERTEX_POINT('',#3713);
#980=VERTEX_POINT('',#3717);
#981=VERTEX_POINT('',#3723);
#982=VERTEX_POINT('',#3729);
#983=VERTEX_POINT('',#3733);
#984=VERTEX_POINT('',#3737);
#985=VERTEX_POINT('',#3742);
#986=VERTEX_POINT('',#3744);
#987=VERTEX_POINT('',#3746);
#988=VERTEX_POINT('',#3752);
#989=VERTEX_POINT('',#3754);
#990=VERTEX_POINT('',#3756);
#991=VERTEX_POINT('',#3760);
#992=VERTEX_POINT('',#3761);
#993=VERTEX_POINT('',#3766);
#994=VERTEX_POINT('',#3767);
#995=VERTEX_POINT('',#3774);
#996=VERTEX_POINT('',#3776);
#997=VERTEX_POINT('',#3778);
#998=VERTEX_POINT('',#3784);
#999=VERTEX_POINT('',#3786);
#1000=VERTEX_POINT('',#3788);
#1001=VERTEX_POINT('',#3792);
#1002=VERTEX_POINT('',#3793);
#1003=VERTEX_POINT('',#4196);
#1004=EDGE_CURVE('',#832,#833,#674,.T.);
#1005=EDGE_CURVE('',#833,#834,#390,.T.);
#1006=EDGE_CURVE('',#834,#835,#675,.T.);
#1007=EDGE_CURVE('',#835,#832,#391,.T.);
#1008=EDGE_CURVE('',#836,#837,#676,.T.);
#1009=EDGE_CURVE('',#837,#833,#677,.T.);
#1010=EDGE_CURVE('',#832,#836,#678,.T.);
#1011=EDGE_CURVE('',#838,#839,#679,.T.);
#1012=EDGE_CURVE('',#839,#837,#392,.T.);
#1013=EDGE_CURVE('',#836,#838,#393,.T.);
#1014=EDGE_CURVE('',#840,#841,#680,.T.);
#1015=EDGE_CURVE('',#841,#839,#681,.T.);
#1016=EDGE_CURVE('',#838,#840,#682,.T.);
#1017=EDGE_CURVE('',#842,#843,#683,.T.);
#1018=EDGE_CURVE('',#843,#841,#394,.T.);
#1019=EDGE_CURVE('',#840,#842,#395,.T.);
#1020=EDGE_CURVE('',#844,#845,#684,.T.);
#1021=EDGE_CURVE('',#845,#846,#396,.T.);
#1022=EDGE_CURVE('',#846,#842,#685,.T.);
#1023=EDGE_CURVE('',#842,#844,#397,.T.);
#1024=EDGE_CURVE('',#847,#848,#686,.T.);
#1025=EDGE_CURVE('',#848,#845,#687,.T.);
#1026=EDGE_CURVE('',#844,#847,#688,.T.);
#1027=EDGE_CURVE('',#849,#850,#689,.T.);
#1028=EDGE_CURVE('',#850,#848,#398,.T.);
#1029=EDGE_CURVE('',#847,#849,#399,.T.);
#1030=EDGE_CURVE('',#851,#852,#690,.T.);
#1031=EDGE_CURVE('',#852,#850,#691,.T.);
#1032=EDGE_CURVE('',#849,#851,#692,.T.);
#1033=EDGE_CURVE('',#853,#854,#693,.T.);
#1034=EDGE_CURVE('',#854,#852,#400,.T.);
#1035=EDGE_CURVE('',#851,#853,#401,.T.);
#1036=EDGE_CURVE('',#846,#843,#694,.T.);
#1037=EDGE_CURVE('',#855,#856,#695,.T.);
#1038=EDGE_CURVE('',#856,#857,#402,.T.);
#1039=EDGE_CURVE('',#857,#853,#696,.T.);
#1040=EDGE_CURVE('',#853,#855,#403,.T.);
#1041=EDGE_CURVE('',#858,#859,#697,.T.);
#1042=EDGE_CURVE('',#859,#856,#698,.T.);
#1043=EDGE_CURVE('',#855,#858,#699,.T.);
#1044=EDGE_CURVE('',#860,#861,#700,.T.);
#1045=EDGE_CURVE('',#861,#859,#404,.T.);
#1046=EDGE_CURVE('',#858,#860,#405,.T.);
#1047=EDGE_CURVE('',#862,#863,#701,.T.);
#1048=EDGE_CURVE('',#863,#861,#702,.T.);
#1049=EDGE_CURVE('',#860,#862,#703,.T.);
#1050=EDGE_CURVE('',#864,#865,#704,.T.);
#1051=EDGE_CURVE('',#865,#863,#406,.T.);
#1052=EDGE_CURVE('',#862,#864,#407,.T.);
#1053=EDGE_CURVE('',#857,#854,#705,.T.);
#1054=EDGE_CURVE('',#866,#867,#706,.T.);
#1055=EDGE_CURVE('',#867,#868,#408,.T.);
#1056=EDGE_CURVE('',#868,#864,#707,.T.);
#1057=EDGE_CURVE('',#864,#866,#409,.T.);
#1058=EDGE_CURVE('',#869,#870,#708,.T.);
#1059=EDGE_CURVE('',#870,#867,#709,.T.);
#1060=EDGE_CURVE('',#866,#869,#710,.T.);
#1061=EDGE_CURVE('',#871,#872,#711,.T.);
#1062=EDGE_CURVE('',#872,#870,#410,.T.);
#1063=EDGE_CURVE('',#869,#871,#411,.T.);
#1064=EDGE_CURVE('',#873,#874,#712,.T.);
#1065=EDGE_CURVE('',#874,#872,#713,.T.);
#1066=EDGE_CURVE('',#871,#873,#714,.T.);
#1067=EDGE_CURVE('',#835,#875,#715,.T.);
#1068=EDGE_CURVE('',#875,#874,#412,.T.);
#1069=EDGE_CURVE('',#873,#835,#413,.T.);
#1070=EDGE_CURVE('',#868,#865,#716,.T.);
#1071=EDGE_CURVE('',#834,#875,#717,.T.);
#1072=EDGE_CURVE('',#848,#876,#414,.T.);
#1073=EDGE_CURVE('',#877,#876,#718,.T.);
#1074=EDGE_CURVE('',#877,#845,#415,.T.);
#1075=EDGE_CURVE('',#878,#850,#416,.T.);
#1076=EDGE_CURVE('',#876,#878,#417,.T.);
#1077=EDGE_CURVE('',#852,#879,#418,.T.);
#1078=EDGE_CURVE('',#878,#879,#719,.T.);
#1079=EDGE_CURVE('',#880,#854,#419,.T.);
#1080=EDGE_CURVE('',#879,#880,#420,.T.);
#1081=EDGE_CURVE('',#857,#881,#421,.T.);
#1082=EDGE_CURVE('',#880,#881,#720,.T.);
#1083=EDGE_CURVE('',#882,#856,#422,.T.);
#1084=EDGE_CURVE('',#881,#882,#423,.T.);
#1085=EDGE_CURVE('',#859,#883,#424,.T.);
#1086=EDGE_CURVE('',#882,#883,#721,.T.);
#1087=EDGE_CURVE('',#884,#861,#425,.T.);
#1088=EDGE_CURVE('',#883,#884,#426,.T.);
#1089=EDGE_CURVE('',#863,#885,#427,.T.);
#1090=EDGE_CURVE('',#884,#885,#722,.T.);
#1091=EDGE_CURVE('',#886,#865,#428,.T.);
#1092=EDGE_CURVE('',#885,#886,#429,.T.);
#1093=EDGE_CURVE('',#868,#887,#430,.T.);
#1094=EDGE_CURVE('',#886,#887,#723,.T.);
#1095=EDGE_CURVE('',#888,#867,#431,.T.);
#1096=EDGE_CURVE('',#887,#888,#432,.T.);
#1097=EDGE_CURVE('',#889,#890,#433,.T.);
#1098=EDGE_CURVE('',#891,#889,#724,.T.);
#1099=EDGE_CURVE('',#892,#891,#434,.T.);
#1100=EDGE_CURVE('',#893,#892,#725,.T.);
#1101=EDGE_CURVE('',#894,#893,#435,.T.);
#1102=EDGE_CURVE('',#895,#894,#436,.T.);
#1103=EDGE_CURVE('',#896,#895,#726,.T.);
#1104=EDGE_CURVE('',#897,#896,#437,.T.);
#1105=EDGE_CURVE('',#898,#897,#727,.T.);
#1106=EDGE_CURVE('',#899,#898,#438,.T.);
#1107=EDGE_CURVE('',#900,#899,#439,.T.);
#1108=EDGE_CURVE('',#901,#900,#728,.T.);
#1109=EDGE_CURVE('',#902,#901,#440,.T.);
#1110=EDGE_CURVE('',#903,#902,#729,.T.);
#1111=EDGE_CURVE('',#904,#903,#441,.T.);
#1112=EDGE_CURVE('',#905,#904,#442,.T.);
#1113=EDGE_CURVE('',#906,#905,#730,.T.);
#1114=EDGE_CURVE('',#907,#906,#443,.T.);
#1115=EDGE_CURVE('',#908,#907,#731,.T.);
#1116=EDGE_CURVE('',#890,#908,#444,.T.);
#1117=EDGE_CURVE('',#909,#910,#445,.T.);
#1118=EDGE_CURVE('',#910,#895,#732,.T.);
#1119=EDGE_CURVE('',#894,#909,#19,.T.);
#1120=EDGE_CURVE('',#911,#896,#733,.T.);
#1121=EDGE_CURVE('',#910,#911,#734,.T.);
#1122=EDGE_CURVE('',#912,#897,#735,.T.);
#1123=EDGE_CURVE('',#911,#912,#446,.T.);
#1124=EDGE_CURVE('',#913,#898,#736,.T.);
#1125=EDGE_CURVE('',#912,#913,#737,.T.);
#1126=EDGE_CURVE('',#913,#914,#447,.T.);
#1127=EDGE_CURVE('',#914,#899,#20,.T.);
#1128=EDGE_CURVE('',#915,#916,#448,.T.);
#1129=EDGE_CURVE('',#916,#889,#738,.T.);
#1130=EDGE_CURVE('',#890,#915,#21,.T.);
#1131=EDGE_CURVE('',#917,#891,#739,.T.);
#1132=EDGE_CURVE('',#916,#917,#740,.T.);
#1133=EDGE_CURVE('',#918,#892,#741,.T.);
#1134=EDGE_CURVE('',#917,#918,#449,.T.);
#1135=EDGE_CURVE('',#919,#893,#742,.T.);
#1136=EDGE_CURVE('',#918,#919,#743,.T.);
#1137=EDGE_CURVE('',#919,#909,#450,.T.);
#1138=EDGE_CURVE('',#914,#920,#451,.T.);
#1139=EDGE_CURVE('',#920,#900,#744,.T.);
#1140=EDGE_CURVE('',#921,#901,#745,.T.);
#1141=EDGE_CURVE('',#920,#921,#746,.T.);
#1142=EDGE_CURVE('',#922,#902,#747,.T.);
#1143=EDGE_CURVE('',#921,#922,#452,.T.);
#1144=EDGE_CURVE('',#923,#903,#748,.T.);
#1145=EDGE_CURVE('',#922,#923,#749,.T.);
#1146=EDGE_CURVE('',#923,#924,#453,.T.);
#1147=EDGE_CURVE('',#924,#904,#22,.T.);
#1148=EDGE_CURVE('',#924,#925,#454,.T.);
#1149=EDGE_CURVE('',#925,#905,#750,.T.);
#1150=EDGE_CURVE('',#926,#906,#751,.T.);
#1151=EDGE_CURVE('',#925,#926,#752,.T.);
#1152=EDGE_CURVE('',#927,#907,#753,.T.);
#1153=EDGE_CURVE('',#926,#927,#455,.T.);
#1154=EDGE_CURVE('',#928,#908,#754,.T.);
#1155=EDGE_CURVE('',#927,#928,#755,.T.);
#1156=EDGE_CURVE('',#928,#915,#456,.T.);
#1157=EDGE_CURVE('',#913,#929,#457,.T.);
#1158=EDGE_CURVE('',#930,#929,#458,.T.);
#1159=EDGE_CURVE('',#914,#930,#459,.T.);
#1160=EDGE_CURVE('',#912,#931,#460,.T.);
#1161=EDGE_CURVE('',#929,#931,#756,.T.);
#1162=EDGE_CURVE('',#911,#932,#461,.T.);
#1163=EDGE_CURVE('',#931,#932,#462,.T.);
#1164=EDGE_CURVE('',#910,#933,#463,.T.);
#1165=EDGE_CURVE('',#932,#933,#757,.T.);
#1166=EDGE_CURVE('',#909,#934,#464,.T.);
#1167=EDGE_CURVE('',#933,#934,#465,.T.);
#1168=EDGE_CURVE('',#919,#935,#466,.T.);
#1169=EDGE_CURVE('',#934,#935,#467,.T.);
#1170=EDGE_CURVE('',#918,#936,#468,.T.);
#1171=EDGE_CURVE('',#935,#936,#758,.T.);
#1172=EDGE_CURVE('',#917,#937,#469,.T.);
#1173=EDGE_CURVE('',#936,#937,#470,.T.);
#1174=EDGE_CURVE('',#916,#938,#471,.T.);
#1175=EDGE_CURVE('',#937,#938,#759,.T.);
#1176=EDGE_CURVE('',#915,#939,#472,.T.);
#1177=EDGE_CURVE('',#938,#939,#473,.T.);
#1178=EDGE_CURVE('',#940,#940,#760,.T.);
#1179=EDGE_CURVE('',#940,#941,#761,.T.);
#1180=EDGE_CURVE('',#941,#941,#762,.T.);
#1181=EDGE_CURVE('',#942,#942,#763,.T.);
#1182=EDGE_CURVE('',#941,#943,#474,.T.);
#1183=EDGE_CURVE('',#943,#943,#764,.T.);
#1184=EDGE_CURVE('',#944,#945,#475,.T.);
#1185=EDGE_CURVE('',#945,#946,#765,.T.);
#1186=EDGE_CURVE('',#946,#930,#476,.T.);
#1187=EDGE_CURVE('',#944,#930,#23,.T.);
#1188=EDGE_CURVE('',#947,#948,#766,.T.);
#1189=EDGE_CURVE('',#948,#946,#767,.T.);
#1190=EDGE_CURVE('',#945,#947,#768,.T.);
#1191=EDGE_CURVE('',#949,#950,#769,.T.);
#1192=EDGE_CURVE('',#950,#948,#477,.T.);
#1193=EDGE_CURVE('',#947,#949,#478,.T.);
#1194=EDGE_CURVE('',#951,#952,#770,.T.);
#1195=EDGE_CURVE('',#952,#950,#771,.T.);
#1196=EDGE_CURVE('',#949,#951,#772,.T.);
#1197=EDGE_CURVE('',#953,#952,#479,.T.);
#1198=EDGE_CURVE('',#951,#954,#480,.T.);
#1199=EDGE_CURVE('',#954,#953,#24,.T.);
#1200=EDGE_CURVE('',#954,#955,#481,.T.);
#1201=EDGE_CURVE('',#955,#956,#773,.T.);
#1202=EDGE_CURVE('',#956,#953,#482,.T.);
#1203=EDGE_CURVE('',#957,#958,#774,.T.);
#1204=EDGE_CURVE('',#958,#956,#775,.T.);
#1205=EDGE_CURVE('',#955,#957,#776,.T.);
#1206=EDGE_CURVE('',#959,#960,#777,.T.);
#1207=EDGE_CURVE('',#960,#958,#483,.T.);
#1208=EDGE_CURVE('',#957,#959,#484,.T.);
#1209=EDGE_CURVE('',#961,#962,#778,.T.);
#1210=EDGE_CURVE('',#962,#960,#779,.T.);
#1211=EDGE_CURVE('',#959,#961,#780,.T.);
#1212=EDGE_CURVE('',#939,#962,#485,.T.);
#1213=EDGE_CURVE('',#961,#963,#486,.T.);
#1214=EDGE_CURVE('',#963,#939,#25,.T.);
#1215=EDGE_CURVE('',#963,#964,#487,.T.);
#1216=EDGE_CURVE('',#964,#938,#781,.T.);
#1217=EDGE_CURVE('',#965,#937,#782,.T.);
#1218=EDGE_CURVE('',#964,#965,#783,.T.);
#1219=EDGE_CURVE('',#966,#936,#784,.T.);
#1220=EDGE_CURVE('',#965,#966,#488,.T.);
#1221=EDGE_CURVE('',#967,#935,#785,.T.);
#1222=EDGE_CURVE('',#966,#967,#786,.T.);
#1223=EDGE_CURVE('',#967,#968,#489,.T.);
#1224=EDGE_CURVE('',#968,#934,#26,.T.);
#1225=EDGE_CURVE('',#968,#969,#490,.T.);
#1226=EDGE_CURVE('',#969,#933,#787,.T.);
#1227=EDGE_CURVE('',#970,#932,#788,.T.);
#1228=EDGE_CURVE('',#969,#970,#789,.T.);
#1229=EDGE_CURVE('',#971,#931,#790,.T.);
#1230=EDGE_CURVE('',#970,#971,#491,.T.);
#1231=EDGE_CURVE('',#972,#929,#791,.T.);
#1232=EDGE_CURVE('',#971,#972,#792,.T.);
#1233=EDGE_CURVE('',#972,#944,#492,.T.);
#1234=EDGE_CURVE('',#920,#946,#493,.T.);
#1235=EDGE_CURVE('',#973,#973,#793,.T.);
#1236=EDGE_CURVE('',#974,#974,#794,.T.);
#1237=EDGE_CURVE('',#974,#942,#795,.T.);
#1238=EDGE_CURVE('',#975,#975,#796,.T.);
#1239=EDGE_CURVE('',#975,#974,#494,.T.);
#1240=EDGE_CURVE('',#976,#876,#797,.T.);
#1241=EDGE_CURVE('',#878,#977,#798,.T.);
#1242=EDGE_CURVE('',#977,#976,#495,.T.);
#1243=EDGE_CURVE('',#977,#879,#799,.T.);
#1244=EDGE_CURVE('',#880,#978,#800,.T.);
#1245=EDGE_CURVE('',#978,#977,#496,.T.);
#1246=EDGE_CURVE('',#881,#979,#801,.T.);
#1247=EDGE_CURVE('',#979,#978,#802,.T.);
#1248=EDGE_CURVE('',#882,#980,#803,.T.);
#1249=EDGE_CURVE('',#980,#979,#497,.T.);
#1250=EDGE_CURVE('',#980,#883,#804,.T.);
#1251=EDGE_CURVE('',#884,#981,#805,.T.);
#1252=EDGE_CURVE('',#981,#980,#498,.T.);
#1253=EDGE_CURVE('',#981,#885,#806,.T.);
#1254=EDGE_CURVE('',#886,#982,#807,.T.);
#1255=EDGE_CURVE('',#982,#981,#499,.T.);
#1256=EDGE_CURVE('',#887,#983,#808,.T.);
#1257=EDGE_CURVE('',#983,#982,#809,.T.);
#1258=EDGE_CURVE('',#888,#984,#810,.T.);
#1259=EDGE_CURVE('',#984,#983,#500,.T.);
#1260=EDGE_CURVE('',#984,#985,#811,.T.);
#1261=EDGE_CURVE('',#985,#986,#501,.T.);
#1262=EDGE_CURVE('',#986,#987,#812,.T.);
#1263=EDGE_CURVE('',#987,#984,#502,.T.);
#1264=EDGE_CURVE('',#888,#985,#813,.T.);
#1265=EDGE_CURVE('',#987,#988,#814,.T.);
#1266=EDGE_CURVE('',#988,#989,#503,.T.);
#1267=EDGE_CURVE('',#989,#990,#815,.T.);
#1268=EDGE_CURVE('',#990,#987,#504,.T.);
#1269=EDGE_CURVE('',#991,#992,#816,.T.);
#1270=EDGE_CURVE('',#992,#990,#817,.T.);
#1271=EDGE_CURVE('',#989,#991,#818,.T.);
#1272=EDGE_CURVE('',#993,#994,#819,.T.);
#1273=EDGE_CURVE('',#994,#992,#505,.T.);
#1274=EDGE_CURVE('',#991,#993,#506,.T.);
#1275=EDGE_CURVE('',#986,#988,#820,.T.);
#1276=EDGE_CURVE('',#994,#995,#821,.T.);
#1277=EDGE_CURVE('',#995,#996,#507,.T.);
#1278=EDGE_CURVE('',#996,#997,#822,.T.);
#1279=EDGE_CURVE('',#997,#994,#508,.T.);
#1280=EDGE_CURVE('',#993,#995,#823,.T.);
#1281=EDGE_CURVE('',#997,#998,#824,.T.);
#1282=EDGE_CURVE('',#998,#999,#509,.T.);
#1283=EDGE_CURVE('',#999,#1000,#825,.T.);
#1284=EDGE_CURVE('',#1000,#997,#510,.T.);
#1285=EDGE_CURVE('',#1001,#1002,#826,.T.);
#1286=EDGE_CURVE('',#1002,#1000,#827,.T.);
#1287=EDGE_CURVE('',#999,#1001,#828,.T.);
#1288=EDGE_CURVE('',#877,#976,#829,.T.);
#1289=EDGE_CURVE('',#976,#1002,#511,.T.);
#1290=EDGE_CURVE('',#1001,#877,#512,.T.);
#1291=EDGE_CURVE('',#996,#998,#830,.T.);
#1292=EDGE_CURVE('',#846,#1001,#513,.T.);
#1293=EDGE_CURVE('',#999,#843,#514,.T.);
#1294=EDGE_CURVE('',#841,#998,#515,.T.);
#1295=EDGE_CURVE('',#928,#962,#516,.T.);
#1296=EDGE_CURVE('',#921,#948,#517,.T.);
#1297=EDGE_CURVE('',#922,#950,#518,.T.);
#1298=EDGE_CURVE('',#923,#952,#519,.T.);
#1299=EDGE_CURVE('',#924,#953,#520,.T.);
#1300=EDGE_CURVE('',#925,#956,#521,.T.);
#1301=EDGE_CURVE('',#926,#958,#522,.T.);
#1302=EDGE_CURVE('',#927,#960,#523,.T.);
#1303=EDGE_CURVE('',#973,#943,#15,.T.);
#1304=EDGE_CURVE('',#1003,#975,#16,.T.);
#1305=EDGE_CURVE('',#1003,#1003,#831,.T.);
#1306=EDGE_CURVE('',#996,#839,#524,.T.);
#1307=EDGE_CURVE('',#837,#995,#525,.T.);
#1308=EDGE_CURVE('',#993,#833,#526,.T.);
#1309=EDGE_CURVE('',#834,#991,#527,.T.);
#1310=EDGE_CURVE('',#989,#875,#528,.T.);
#1311=EDGE_CURVE('',#874,#988,#529,.T.);
#1312=EDGE_CURVE('',#986,#872,#530,.T.);
#1313=EDGE_CURVE('',#870,#985,#531,.T.);
#1314=ORIENTED_EDGE('',*,*,#1004,.T.);
#1315=ORIENTED_EDGE('',*,*,#1005,.T.);
#1316=ORIENTED_EDGE('',*,*,#1006,.T.);
#1317=ORIENTED_EDGE('',*,*,#1007,.T.);
#1318=ORIENTED_EDGE('',*,*,#1008,.T.);
#1319=ORIENTED_EDGE('',*,*,#1009,.T.);
#1320=ORIENTED_EDGE('',*,*,#1004,.F.);
#1321=ORIENTED_EDGE('',*,*,#1010,.T.);
#1322=ORIENTED_EDGE('',*,*,#1011,.T.);
#1323=ORIENTED_EDGE('',*,*,#1012,.T.);
#1324=ORIENTED_EDGE('',*,*,#1008,.F.);
#1325=ORIENTED_EDGE('',*,*,#1013,.T.);
#1326=ORIENTED_EDGE('',*,*,#1014,.T.);
#1327=ORIENTED_EDGE('',*,*,#1015,.T.);
#1328=ORIENTED_EDGE('',*,*,#1011,.F.);
#1329=ORIENTED_EDGE('',*,*,#1016,.T.);
#1330=ORIENTED_EDGE('',*,*,#1017,.T.);
#1331=ORIENTED_EDGE('',*,*,#1018,.T.);
#1332=ORIENTED_EDGE('',*,*,#1014,.F.);
#1333=ORIENTED_EDGE('',*,*,#1019,.T.);
#1334=ORIENTED_EDGE('',*,*,#1020,.T.);
#1335=ORIENTED_EDGE('',*,*,#1021,.T.);
#1336=ORIENTED_EDGE('',*,*,#1022,.T.);
#1337=ORIENTED_EDGE('',*,*,#1023,.T.);
#1338=ORIENTED_EDGE('',*,*,#1024,.T.);
#1339=ORIENTED_EDGE('',*,*,#1025,.T.);
#1340=ORIENTED_EDGE('',*,*,#1020,.F.);
#1341=ORIENTED_EDGE('',*,*,#1026,.T.);
#1342=ORIENTED_EDGE('',*,*,#1027,.T.);
#1343=ORIENTED_EDGE('',*,*,#1028,.T.);
#1344=ORIENTED_EDGE('',*,*,#1024,.F.);
#1345=ORIENTED_EDGE('',*,*,#1029,.T.);
#1346=ORIENTED_EDGE('',*,*,#1030,.T.);
#1347=ORIENTED_EDGE('',*,*,#1031,.T.);
#1348=ORIENTED_EDGE('',*,*,#1027,.F.);
#1349=ORIENTED_EDGE('',*,*,#1032,.T.);
#1350=ORIENTED_EDGE('',*,*,#1033,.T.);
#1351=ORIENTED_EDGE('',*,*,#1034,.T.);
#1352=ORIENTED_EDGE('',*,*,#1030,.F.);
#1353=ORIENTED_EDGE('',*,*,#1035,.T.);
#1354=ORIENTED_EDGE('',*,*,#1022,.F.);
#1355=ORIENTED_EDGE('',*,*,#1036,.T.);
#1356=ORIENTED_EDGE('',*,*,#1017,.F.);
#1357=ORIENTED_EDGE('',*,*,#1037,.T.);
#1358=ORIENTED_EDGE('',*,*,#1038,.T.);
#1359=ORIENTED_EDGE('',*,*,#1039,.T.);
#1360=ORIENTED_EDGE('',*,*,#1040,.T.);
#1361=ORIENTED_EDGE('',*,*,#1041,.T.);
#1362=ORIENTED_EDGE('',*,*,#1042,.T.);
#1363=ORIENTED_EDGE('',*,*,#1037,.F.);
#1364=ORIENTED_EDGE('',*,*,#1043,.T.);
#1365=ORIENTED_EDGE('',*,*,#1044,.T.);
#1366=ORIENTED_EDGE('',*,*,#1045,.T.);
#1367=ORIENTED_EDGE('',*,*,#1041,.F.);
#1368=ORIENTED_EDGE('',*,*,#1046,.T.);
#1369=ORIENTED_EDGE('',*,*,#1047,.T.);
#1370=ORIENTED_EDGE('',*,*,#1048,.T.);
#1371=ORIENTED_EDGE('',*,*,#1044,.F.);
#1372=ORIENTED_EDGE('',*,*,#1049,.T.);
#1373=ORIENTED_EDGE('',*,*,#1050,.T.);
#1374=ORIENTED_EDGE('',*,*,#1051,.T.);
#1375=ORIENTED_EDGE('',*,*,#1047,.F.);
#1376=ORIENTED_EDGE('',*,*,#1052,.T.);
#1377=ORIENTED_EDGE('',*,*,#1039,.F.);
#1378=ORIENTED_EDGE('',*,*,#1053,.T.);
#1379=ORIENTED_EDGE('',*,*,#1033,.F.);
#1380=ORIENTED_EDGE('',*,*,#1054,.T.);
#1381=ORIENTED_EDGE('',*,*,#1055,.T.);
#1382=ORIENTED_EDGE('',*,*,#1056,.T.);
#1383=ORIENTED_EDGE('',*,*,#1057,.T.);
#1384=ORIENTED_EDGE('',*,*,#1058,.T.);
#1385=ORIENTED_EDGE('',*,*,#1059,.T.);
#1386=ORIENTED_EDGE('',*,*,#1054,.F.);
#1387=ORIENTED_EDGE('',*,*,#1060,.T.);
#1388=ORIENTED_EDGE('',*,*,#1061,.T.);
#1389=ORIENTED_EDGE('',*,*,#1062,.T.);
#1390=ORIENTED_EDGE('',*,*,#1058,.F.);
#1391=ORIENTED_EDGE('',*,*,#1063,.T.);
#1392=ORIENTED_EDGE('',*,*,#1064,.T.);
#1393=ORIENTED_EDGE('',*,*,#1065,.T.);
#1394=ORIENTED_EDGE('',*,*,#1061,.F.);
#1395=ORIENTED_EDGE('',*,*,#1066,.T.);
#1396=ORIENTED_EDGE('',*,*,#1067,.T.);
#1397=ORIENTED_EDGE('',*,*,#1068,.T.);
#1398=ORIENTED_EDGE('',*,*,#1064,.F.);
#1399=ORIENTED_EDGE('',*,*,#1069,.T.);
#1400=ORIENTED_EDGE('',*,*,#1056,.F.);
#1401=ORIENTED_EDGE('',*,*,#1070,.T.);
#1402=ORIENTED_EDGE('',*,*,#1050,.F.);
#1403=ORIENTED_EDGE('',*,*,#1006,.F.);
#1404=ORIENTED_EDGE('',*,*,#1071,.T.);
#1405=ORIENTED_EDGE('',*,*,#1067,.F.);
#1406=ORIENTED_EDGE('',*,*,#1025,.F.);
#1407=ORIENTED_EDGE('',*,*,#1072,.T.);
#1408=ORIENTED_EDGE('',*,*,#1073,.F.);
#1409=ORIENTED_EDGE('',*,*,#1074,.T.);
#1410=ORIENTED_EDGE('',*,*,#1028,.F.);
#1411=ORIENTED_EDGE('',*,*,#1075,.F.);
#1412=ORIENTED_EDGE('',*,*,#1076,.F.);
#1413=ORIENTED_EDGE('',*,*,#1072,.F.);
#1414=ORIENTED_EDGE('',*,*,#1031,.F.);
#1415=ORIENTED_EDGE('',*,*,#1077,.T.);
#1416=ORIENTED_EDGE('',*,*,#1078,.F.);
#1417=ORIENTED_EDGE('',*,*,#1075,.T.);
#1418=ORIENTED_EDGE('',*,*,#1034,.F.);
#1419=ORIENTED_EDGE('',*,*,#1079,.F.);
#1420=ORIENTED_EDGE('',*,*,#1080,.F.);
#1421=ORIENTED_EDGE('',*,*,#1077,.F.);
#1422=ORIENTED_EDGE('',*,*,#1053,.F.);
#1423=ORIENTED_EDGE('',*,*,#1081,.T.);
#1424=ORIENTED_EDGE('',*,*,#1082,.F.);
#1425=ORIENTED_EDGE('',*,*,#1079,.T.);
#1426=ORIENTED_EDGE('',*,*,#1038,.F.);
#1427=ORIENTED_EDGE('',*,*,#1083,.F.);
#1428=ORIENTED_EDGE('',*,*,#1084,.F.);
#1429=ORIENTED_EDGE('',*,*,#1081,.F.);
#1430=ORIENTED_EDGE('',*,*,#1042,.F.);
#1431=ORIENTED_EDGE('',*,*,#1085,.T.);
#1432=ORIENTED_EDGE('',*,*,#1086,.F.);
#1433=ORIENTED_EDGE('',*,*,#1083,.T.);
#1434=ORIENTED_EDGE('',*,*,#1045,.F.);
#1435=ORIENTED_EDGE('',*,*,#1087,.F.);
#1436=ORIENTED_EDGE('',*,*,#1088,.F.);
#1437=ORIENTED_EDGE('',*,*,#1085,.F.);
#1438=ORIENTED_EDGE('',*,*,#1048,.F.);
#1439=ORIENTED_EDGE('',*,*,#1089,.T.);
#1440=ORIENTED_EDGE('',*,*,#1090,.F.);
#1441=ORIENTED_EDGE('',*,*,#1087,.T.);
#1442=ORIENTED_EDGE('',*,*,#1051,.F.);
#1443=ORIENTED_EDGE('',*,*,#1091,.F.);
#1444=ORIENTED_EDGE('',*,*,#1092,.F.);
#1445=ORIENTED_EDGE('',*,*,#1089,.F.);
#1446=ORIENTED_EDGE('',*,*,#1070,.F.);
#1447=ORIENTED_EDGE('',*,*,#1093,.T.);
#1448=ORIENTED_EDGE('',*,*,#1094,.F.);
#1449=ORIENTED_EDGE('',*,*,#1091,.T.);
#1450=ORIENTED_EDGE('',*,*,#1055,.F.);
#1451=ORIENTED_EDGE('',*,*,#1095,.F.);
#1452=ORIENTED_EDGE('',*,*,#1096,.F.);
#1453=ORIENTED_EDGE('',*,*,#1093,.F.);
#1454=ORIENTED_EDGE('',*,*,#1097,.F.);
#1455=ORIENTED_EDGE('',*,*,#1098,.F.);
#1456=ORIENTED_EDGE('',*,*,#1099,.F.);
#1457=ORIENTED_EDGE('',*,*,#1100,.F.);
#1458=ORIENTED_EDGE('',*,*,#1101,.F.);
#1459=ORIENTED_EDGE('',*,*,#1102,.F.);
#1460=ORIENTED_EDGE('',*,*,#1103,.F.);
#1461=ORIENTED_EDGE('',*,*,#1104,.F.);
#1462=ORIENTED_EDGE('',*,*,#1105,.F.);
#1463=ORIENTED_EDGE('',*,*,#1106,.F.);
#1464=ORIENTED_EDGE('',*,*,#1107,.F.);
#1465=ORIENTED_EDGE('',*,*,#1108,.F.);
#1466=ORIENTED_EDGE('',*,*,#1109,.F.);
#1467=ORIENTED_EDGE('',*,*,#1110,.F.);
#1468=ORIENTED_EDGE('',*,*,#1111,.F.);
#1469=ORIENTED_EDGE('',*,*,#1112,.F.);
#1470=ORIENTED_EDGE('',*,*,#1113,.F.);
#1471=ORIENTED_EDGE('',*,*,#1114,.F.);
#1472=ORIENTED_EDGE('',*,*,#1115,.F.);
#1473=ORIENTED_EDGE('',*,*,#1116,.F.);
#1474=ORIENTED_EDGE('',*,*,#1007,.F.);
#1475=ORIENTED_EDGE('',*,*,#1069,.F.);
#1476=ORIENTED_EDGE('',*,*,#1066,.F.);
#1477=ORIENTED_EDGE('',*,*,#1063,.F.);
#1478=ORIENTED_EDGE('',*,*,#1060,.F.);
#1479=ORIENTED_EDGE('',*,*,#1057,.F.);
#1480=ORIENTED_EDGE('',*,*,#1052,.F.);
#1481=ORIENTED_EDGE('',*,*,#1049,.F.);
#1482=ORIENTED_EDGE('',*,*,#1046,.F.);
#1483=ORIENTED_EDGE('',*,*,#1043,.F.);
#1484=ORIENTED_EDGE('',*,*,#1040,.F.);
#1485=ORIENTED_EDGE('',*,*,#1035,.F.);
#1486=ORIENTED_EDGE('',*,*,#1032,.F.);
#1487=ORIENTED_EDGE('',*,*,#1029,.F.);
#1488=ORIENTED_EDGE('',*,*,#1026,.F.);
#1489=ORIENTED_EDGE('',*,*,#1023,.F.);
#1490=ORIENTED_EDGE('',*,*,#1019,.F.);
#1491=ORIENTED_EDGE('',*,*,#1016,.F.);
#1492=ORIENTED_EDGE('',*,*,#1013,.F.);
#1493=ORIENTED_EDGE('',*,*,#1010,.F.);
#1494=ORIENTED_EDGE('',*,*,#1117,.T.);
#1495=ORIENTED_EDGE('',*,*,#1118,.T.);
#1496=ORIENTED_EDGE('',*,*,#1102,.T.);
#1497=ORIENTED_EDGE('',*,*,#1119,.T.);
#1498=ORIENTED_EDGE('',*,*,#1120,.T.);
#1499=ORIENTED_EDGE('',*,*,#1103,.T.);
#1500=ORIENTED_EDGE('',*,*,#1118,.F.);
#1501=ORIENTED_EDGE('',*,*,#1121,.T.);
#1502=ORIENTED_EDGE('',*,*,#1122,.T.);
#1503=ORIENTED_EDGE('',*,*,#1104,.T.);
#1504=ORIENTED_EDGE('',*,*,#1120,.F.);
#1505=ORIENTED_EDGE('',*,*,#1123,.T.);
#1506=ORIENTED_EDGE('',*,*,#1124,.T.);
#1507=ORIENTED_EDGE('',*,*,#1105,.T.);
#1508=ORIENTED_EDGE('',*,*,#1122,.F.);
#1509=ORIENTED_EDGE('',*,*,#1125,.T.);
#1510=ORIENTED_EDGE('',*,*,#1106,.T.);
#1511=ORIENTED_EDGE('',*,*,#1124,.F.);
#1512=ORIENTED_EDGE('',*,*,#1126,.T.);
#1513=ORIENTED_EDGE('',*,*,#1127,.T.);
#1514=ORIENTED_EDGE('',*,*,#1128,.T.);
#1515=ORIENTED_EDGE('',*,*,#1129,.T.);
#1516=ORIENTED_EDGE('',*,*,#1097,.T.);
#1517=ORIENTED_EDGE('',*,*,#1130,.T.);
#1518=ORIENTED_EDGE('',*,*,#1131,.T.);
#1519=ORIENTED_EDGE('',*,*,#1098,.T.);
#1520=ORIENTED_EDGE('',*,*,#1129,.F.);
#1521=ORIENTED_EDGE('',*,*,#1132,.T.);
#1522=ORIENTED_EDGE('',*,*,#1133,.T.);
#1523=ORIENTED_EDGE('',*,*,#1099,.T.);
#1524=ORIENTED_EDGE('',*,*,#1131,.F.);
#1525=ORIENTED_EDGE('',*,*,#1134,.T.);
#1526=ORIENTED_EDGE('',*,*,#1135,.T.);
#1527=ORIENTED_EDGE('',*,*,#1100,.T.);
#1528=ORIENTED_EDGE('',*,*,#1133,.F.);
#1529=ORIENTED_EDGE('',*,*,#1136,.T.);
#1530=ORIENTED_EDGE('',*,*,#1101,.T.);
#1531=ORIENTED_EDGE('',*,*,#1135,.F.);
#1532=ORIENTED_EDGE('',*,*,#1137,.T.);
#1533=ORIENTED_EDGE('',*,*,#1119,.F.);
#1534=ORIENTED_EDGE('',*,*,#1138,.T.);
#1535=ORIENTED_EDGE('',*,*,#1139,.T.);
#1536=ORIENTED_EDGE('',*,*,#1107,.T.);
#1537=ORIENTED_EDGE('',*,*,#1127,.F.);
#1538=ORIENTED_EDGE('',*,*,#1140,.T.);
#1539=ORIENTED_EDGE('',*,*,#1108,.T.);
#1540=ORIENTED_EDGE('',*,*,#1139,.F.);
#1541=ORIENTED_EDGE('',*,*,#1141,.T.);
#1542=ORIENTED_EDGE('',*,*,#1142,.T.);
#1543=ORIENTED_EDGE('',*,*,#1109,.T.);
#1544=ORIENTED_EDGE('',*,*,#1140,.F.);
#1545=ORIENTED_EDGE('',*,*,#1143,.T.);
#1546=ORIENTED_EDGE('',*,*,#1144,.T.);
#1547=ORIENTED_EDGE('',*,*,#1110,.T.);
#1548=ORIENTED_EDGE('',*,*,#1142,.F.);
#1549=ORIENTED_EDGE('',*,*,#1145,.T.);
#1550=ORIENTED_EDGE('',*,*,#1111,.T.);
#1551=ORIENTED_EDGE('',*,*,#1144,.F.);
#1552=ORIENTED_EDGE('',*,*,#1146,.T.);
#1553=ORIENTED_EDGE('',*,*,#1147,.T.);
#1554=ORIENTED_EDGE('',*,*,#1148,.T.);
#1555=ORIENTED_EDGE('',*,*,#1149,.T.);
#1556=ORIENTED_EDGE('',*,*,#1112,.T.);
#1557=ORIENTED_EDGE('',*,*,#1147,.F.);
#1558=ORIENTED_EDGE('',*,*,#1150,.T.);
#1559=ORIENTED_EDGE('',*,*,#1113,.T.);
#1560=ORIENTED_EDGE('',*,*,#1149,.F.);
#1561=ORIENTED_EDGE('',*,*,#1151,.T.);
#1562=ORIENTED_EDGE('',*,*,#1152,.T.);
#1563=ORIENTED_EDGE('',*,*,#1114,.T.);
#1564=ORIENTED_EDGE('',*,*,#1150,.F.);
#1565=ORIENTED_EDGE('',*,*,#1153,.T.);
#1566=ORIENTED_EDGE('',*,*,#1154,.T.);
#1567=ORIENTED_EDGE('',*,*,#1115,.T.);
#1568=ORIENTED_EDGE('',*,*,#1152,.F.);
#1569=ORIENTED_EDGE('',*,*,#1155,.T.);
#1570=ORIENTED_EDGE('',*,*,#1116,.T.);
#1571=ORIENTED_EDGE('',*,*,#1154,.F.);
#1572=ORIENTED_EDGE('',*,*,#1156,.T.);
#1573=ORIENTED_EDGE('',*,*,#1130,.F.);
#1574=ORIENTED_EDGE('',*,*,#1126,.F.);
#1575=ORIENTED_EDGE('',*,*,#1157,.T.);
#1576=ORIENTED_EDGE('',*,*,#1158,.F.);
#1577=ORIENTED_EDGE('',*,*,#1159,.F.);
#1578=ORIENTED_EDGE('',*,*,#1125,.F.);
#1579=ORIENTED_EDGE('',*,*,#1160,.T.);
#1580=ORIENTED_EDGE('',*,*,#1161,.F.);
#1581=ORIENTED_EDGE('',*,*,#1157,.F.);
#1582=ORIENTED_EDGE('',*,*,#1123,.F.);
#1583=ORIENTED_EDGE('',*,*,#1162,.T.);
#1584=ORIENTED_EDGE('',*,*,#1163,.F.);
#1585=ORIENTED_EDGE('',*,*,#1160,.F.);
#1586=ORIENTED_EDGE('',*,*,#1121,.F.);
#1587=ORIENTED_EDGE('',*,*,#1164,.T.);
#1588=ORIENTED_EDGE('',*,*,#1165,.F.);
#1589=ORIENTED_EDGE('',*,*,#1162,.F.);
#1590=ORIENTED_EDGE('',*,*,#1117,.F.);
#1591=ORIENTED_EDGE('',*,*,#1166,.T.);
#1592=ORIENTED_EDGE('',*,*,#1167,.F.);
#1593=ORIENTED_EDGE('',*,*,#1164,.F.);
#1594=ORIENTED_EDGE('',*,*,#1137,.F.);
#1595=ORIENTED_EDGE('',*,*,#1168,.T.);
#1596=ORIENTED_EDGE('',*,*,#1169,.F.);
#1597=ORIENTED_EDGE('',*,*,#1166,.F.);
#1598=ORIENTED_EDGE('',*,*,#1136,.F.);
#1599=ORIENTED_EDGE('',*,*,#1170,.T.);
#1600=ORIENTED_EDGE('',*,*,#1171,.F.);
#1601=ORIENTED_EDGE('',*,*,#1168,.F.);
#1602=ORIENTED_EDGE('',*,*,#1134,.F.);
#1603=ORIENTED_EDGE('',*,*,#1172,.T.);
#1604=ORIENTED_EDGE('',*,*,#1173,.F.);
#1605=ORIENTED_EDGE('',*,*,#1170,.F.);
#1606=ORIENTED_EDGE('',*,*,#1132,.F.);
#1607=ORIENTED_EDGE('',*,*,#1174,.T.);
#1608=ORIENTED_EDGE('',*,*,#1175,.F.);
#1609=ORIENTED_EDGE('',*,*,#1172,.F.);
#1610=ORIENTED_EDGE('',*,*,#1128,.F.);
#1611=ORIENTED_EDGE('',*,*,#1176,.T.);
#1612=ORIENTED_EDGE('',*,*,#1177,.F.);
#1613=ORIENTED_EDGE('',*,*,#1174,.F.);
#1614=ORIENTED_EDGE('',*,*,#1178,.T.);
#1615=ORIENTED_EDGE('',*,*,#1179,.T.);
#1616=ORIENTED_EDGE('',*,*,#1180,.T.);
#1617=ORIENTED_EDGE('',*,*,#1179,.F.);
#1618=ORIENTED_EDGE('',*,*,#1181,.F.);
#1619=ORIENTED_EDGE('',*,*,#1178,.F.);
#1620=ORIENTED_EDGE('',*,*,#1180,.F.);
#1621=ORIENTED_EDGE('',*,*,#1182,.T.);
#1622=ORIENTED_EDGE('',*,*,#1183,.T.);
#1623=ORIENTED_EDGE('',*,*,#1182,.F.);
#1624=ORIENTED_EDGE('',*,*,#1184,.T.);
#1625=ORIENTED_EDGE('',*,*,#1185,.T.);
#1626=ORIENTED_EDGE('',*,*,#1186,.T.);
#1627=ORIENTED_EDGE('',*,*,#1187,.F.);
#1628=ORIENTED_EDGE('',*,*,#1188,.T.);
#1629=ORIENTED_EDGE('',*,*,#1189,.T.);
#1630=ORIENTED_EDGE('',*,*,#1185,.F.);
#1631=ORIENTED_EDGE('',*,*,#1190,.T.);
#1632=ORIENTED_EDGE('',*,*,#1191,.T.);
#1633=ORIENTED_EDGE('',*,*,#1192,.T.);
#1634=ORIENTED_EDGE('',*,*,#1188,.F.);
#1635=ORIENTED_EDGE('',*,*,#1193,.T.);
#1636=ORIENTED_EDGE('',*,*,#1194,.T.);
#1637=ORIENTED_EDGE('',*,*,#1195,.T.);
#1638=ORIENTED_EDGE('',*,*,#1191,.F.);
#1639=ORIENTED_EDGE('',*,*,#1196,.T.);
#1640=ORIENTED_EDGE('',*,*,#1197,.T.);
#1641=ORIENTED_EDGE('',*,*,#1194,.F.);
#1642=ORIENTED_EDGE('',*,*,#1198,.T.);
#1643=ORIENTED_EDGE('',*,*,#1199,.T.);
#1644=ORIENTED_EDGE('',*,*,#1200,.T.);
#1645=ORIENTED_EDGE('',*,*,#1201,.T.);
#1646=ORIENTED_EDGE('',*,*,#1202,.T.);
#1647=ORIENTED_EDGE('',*,*,#1199,.F.);
#1648=ORIENTED_EDGE('',*,*,#1203,.T.);
#1649=ORIENTED_EDGE('',*,*,#1204,.T.);
#1650=ORIENTED_EDGE('',*,*,#1201,.F.);
#1651=ORIENTED_EDGE('',*,*,#1205,.T.);
#1652=ORIENTED_EDGE('',*,*,#1206,.T.);
#1653=ORIENTED_EDGE('',*,*,#1207,.T.);
#1654=ORIENTED_EDGE('',*,*,#1203,.F.);
#1655=ORIENTED_EDGE('',*,*,#1208,.T.);
#1656=ORIENTED_EDGE('',*,*,#1209,.T.);
#1657=ORIENTED_EDGE('',*,*,#1210,.T.);
#1658=ORIENTED_EDGE('',*,*,#1206,.F.);
#1659=ORIENTED_EDGE('',*,*,#1211,.T.);
#1660=ORIENTED_EDGE('',*,*,#1212,.T.);
#1661=ORIENTED_EDGE('',*,*,#1209,.F.);
#1662=ORIENTED_EDGE('',*,*,#1213,.T.);
#1663=ORIENTED_EDGE('',*,*,#1214,.T.);
#1664=ORIENTED_EDGE('',*,*,#1215,.T.);
#1665=ORIENTED_EDGE('',*,*,#1216,.T.);
#1666=ORIENTED_EDGE('',*,*,#1177,.T.);
#1667=ORIENTED_EDGE('',*,*,#1214,.F.);
#1668=ORIENTED_EDGE('',*,*,#1217,.T.);
#1669=ORIENTED_EDGE('',*,*,#1175,.T.);
#1670=ORIENTED_EDGE('',*,*,#1216,.F.);
#1671=ORIENTED_EDGE('',*,*,#1218,.T.);
#1672=ORIENTED_EDGE('',*,*,#1219,.T.);
#1673=ORIENTED_EDGE('',*,*,#1173,.T.);
#1674=ORIENTED_EDGE('',*,*,#1217,.F.);
#1675=ORIENTED_EDGE('',*,*,#1220,.T.);
#1676=ORIENTED_EDGE('',*,*,#1221,.T.);
#1677=ORIENTED_EDGE('',*,*,#1171,.T.);
#1678=ORIENTED_EDGE('',*,*,#1219,.F.);
#1679=ORIENTED_EDGE('',*,*,#1222,.T.);
#1680=ORIENTED_EDGE('',*,*,#1169,.T.);
#1681=ORIENTED_EDGE('',*,*,#1221,.F.);
#1682=ORIENTED_EDGE('',*,*,#1223,.T.);
#1683=ORIENTED_EDGE('',*,*,#1224,.T.);
#1684=ORIENTED_EDGE('',*,*,#1225,.T.);
#1685=ORIENTED_EDGE('',*,*,#1226,.T.);
#1686=ORIENTED_EDGE('',*,*,#1167,.T.);
#1687=ORIENTED_EDGE('',*,*,#1224,.F.);
#1688=ORIENTED_EDGE('',*,*,#1227,.T.);
#1689=ORIENTED_EDGE('',*,*,#1165,.T.);
#1690=ORIENTED_EDGE('',*,*,#1226,.F.);
#1691=ORIENTED_EDGE('',*,*,#1228,.T.);
#1692=ORIENTED_EDGE('',*,*,#1229,.T.);
#1693=ORIENTED_EDGE('',*,*,#1163,.T.);
#1694=ORIENTED_EDGE('',*,*,#1227,.F.);
#1695=ORIENTED_EDGE('',*,*,#1230,.T.);
#1696=ORIENTED_EDGE('',*,*,#1231,.T.);
#1697=ORIENTED_EDGE('',*,*,#1161,.T.);
#1698=ORIENTED_EDGE('',*,*,#1229,.F.);
#1699=ORIENTED_EDGE('',*,*,#1232,.T.);
#1700=ORIENTED_EDGE('',*,*,#1158,.T.);
#1701=ORIENTED_EDGE('',*,*,#1231,.F.);
#1702=ORIENTED_EDGE('',*,*,#1233,.T.);
#1703=ORIENTED_EDGE('',*,*,#1187,.T.);
#1704=ORIENTED_EDGE('',*,*,#1138,.F.);
#1705=ORIENTED_EDGE('',*,*,#1159,.T.);
#1706=ORIENTED_EDGE('',*,*,#1186,.F.);
#1707=ORIENTED_EDGE('',*,*,#1234,.F.);
#1708=ORIENTED_EDGE('',*,*,#1235,.T.);
#1709=ORIENTED_EDGE('',*,*,#1184,.F.);
#1710=ORIENTED_EDGE('',*,*,#1233,.F.);
#1711=ORIENTED_EDGE('',*,*,#1232,.F.);
#1712=ORIENTED_EDGE('',*,*,#1230,.F.);
#1713=ORIENTED_EDGE('',*,*,#1228,.F.);
#1714=ORIENTED_EDGE('',*,*,#1225,.F.);
#1715=ORIENTED_EDGE('',*,*,#1223,.F.);
#1716=ORIENTED_EDGE('',*,*,#1222,.F.);
#1717=ORIENTED_EDGE('',*,*,#1220,.F.);
#1718=ORIENTED_EDGE('',*,*,#1218,.F.);
#1719=ORIENTED_EDGE('',*,*,#1215,.F.);
#1720=ORIENTED_EDGE('',*,*,#1213,.F.);
#1721=ORIENTED_EDGE('',*,*,#1211,.F.);
#1722=ORIENTED_EDGE('',*,*,#1208,.F.);
#1723=ORIENTED_EDGE('',*,*,#1205,.F.);
#1724=ORIENTED_EDGE('',*,*,#1200,.F.);
#1725=ORIENTED_EDGE('',*,*,#1198,.F.);
#1726=ORIENTED_EDGE('',*,*,#1196,.F.);
#1727=ORIENTED_EDGE('',*,*,#1193,.F.);
#1728=ORIENTED_EDGE('',*,*,#1190,.F.);
#1729=ORIENTED_EDGE('',*,*,#1236,.T.);
#1730=ORIENTED_EDGE('',*,*,#1237,.T.);
#1731=ORIENTED_EDGE('',*,*,#1181,.T.);
#1732=ORIENTED_EDGE('',*,*,#1237,.F.);
#1733=ORIENTED_EDGE('',*,*,#1238,.F.);
#1734=ORIENTED_EDGE('',*,*,#1239,.T.);
#1735=ORIENTED_EDGE('',*,*,#1236,.F.);
#1736=ORIENTED_EDGE('',*,*,#1239,.F.);
#1737=ORIENTED_EDGE('',*,*,#1240,.T.);
#1738=ORIENTED_EDGE('',*,*,#1076,.T.);
#1739=ORIENTED_EDGE('',*,*,#1241,.T.);
#1740=ORIENTED_EDGE('',*,*,#1242,.T.);
#1741=ORIENTED_EDGE('',*,*,#1243,.T.);
#1742=ORIENTED_EDGE('',*,*,#1080,.T.);
#1743=ORIENTED_EDGE('',*,*,#1244,.T.);
#1744=ORIENTED_EDGE('',*,*,#1245,.T.);
#1745=ORIENTED_EDGE('',*,*,#1246,.T.);
#1746=ORIENTED_EDGE('',*,*,#1247,.T.);
#1747=ORIENTED_EDGE('',*,*,#1244,.F.);
#1748=ORIENTED_EDGE('',*,*,#1082,.T.);
#1749=ORIENTED_EDGE('',*,*,#1248,.T.);
#1750=ORIENTED_EDGE('',*,*,#1249,.T.);
#1751=ORIENTED_EDGE('',*,*,#1246,.F.);
#1752=ORIENTED_EDGE('',*,*,#1084,.T.);
#1753=ORIENTED_EDGE('',*,*,#1243,.F.);
#1754=ORIENTED_EDGE('',*,*,#1241,.F.);
#1755=ORIENTED_EDGE('',*,*,#1078,.T.);
#1756=ORIENTED_EDGE('',*,*,#1250,.T.);
#1757=ORIENTED_EDGE('',*,*,#1088,.T.);
#1758=ORIENTED_EDGE('',*,*,#1251,.T.);
#1759=ORIENTED_EDGE('',*,*,#1252,.T.);
#1760=ORIENTED_EDGE('',*,*,#1250,.F.);
#1761=ORIENTED_EDGE('',*,*,#1248,.F.);
#1762=ORIENTED_EDGE('',*,*,#1086,.T.);
#1763=ORIENTED_EDGE('',*,*,#1253,.T.);
#1764=ORIENTED_EDGE('',*,*,#1092,.T.);
#1765=ORIENTED_EDGE('',*,*,#1254,.T.);
#1766=ORIENTED_EDGE('',*,*,#1255,.T.);
#1767=ORIENTED_EDGE('',*,*,#1256,.T.);
#1768=ORIENTED_EDGE('',*,*,#1257,.T.);
#1769=ORIENTED_EDGE('',*,*,#1254,.F.);
#1770=ORIENTED_EDGE('',*,*,#1094,.T.);
#1771=ORIENTED_EDGE('',*,*,#1258,.T.);
#1772=ORIENTED_EDGE('',*,*,#1259,.T.);
#1773=ORIENTED_EDGE('',*,*,#1256,.F.);
#1774=ORIENTED_EDGE('',*,*,#1096,.T.);
#1775=ORIENTED_EDGE('',*,*,#1253,.F.);
#1776=ORIENTED_EDGE('',*,*,#1251,.F.);
#1777=ORIENTED_EDGE('',*,*,#1090,.T.);
#1778=ORIENTED_EDGE('',*,*,#1260,.T.);
#1779=ORIENTED_EDGE('',*,*,#1261,.T.);
#1780=ORIENTED_EDGE('',*,*,#1262,.T.);
#1781=ORIENTED_EDGE('',*,*,#1263,.T.);
#1782=ORIENTED_EDGE('',*,*,#1260,.F.);
#1783=ORIENTED_EDGE('',*,*,#1258,.F.);
#1784=ORIENTED_EDGE('',*,*,#1264,.T.);
#1785=ORIENTED_EDGE('',*,*,#1265,.T.);
#1786=ORIENTED_EDGE('',*,*,#1266,.T.);
#1787=ORIENTED_EDGE('',*,*,#1267,.T.);
#1788=ORIENTED_EDGE('',*,*,#1268,.T.);
#1789=ORIENTED_EDGE('',*,*,#1269,.T.);
#1790=ORIENTED_EDGE('',*,*,#1270,.T.);
#1791=ORIENTED_EDGE('',*,*,#1267,.F.);
#1792=ORIENTED_EDGE('',*,*,#1271,.T.);
#1793=ORIENTED_EDGE('',*,*,#1272,.T.);
#1794=ORIENTED_EDGE('',*,*,#1273,.T.);
#1795=ORIENTED_EDGE('',*,*,#1269,.F.);
#1796=ORIENTED_EDGE('',*,*,#1274,.T.);
#1797=ORIENTED_EDGE('',*,*,#1265,.F.);
#1798=ORIENTED_EDGE('',*,*,#1262,.F.);
#1799=ORIENTED_EDGE('',*,*,#1275,.T.);
#1800=ORIENTED_EDGE('',*,*,#1276,.T.);
#1801=ORIENTED_EDGE('',*,*,#1277,.T.);
#1802=ORIENTED_EDGE('',*,*,#1278,.T.);
#1803=ORIENTED_EDGE('',*,*,#1279,.T.);
#1804=ORIENTED_EDGE('',*,*,#1276,.F.);
#1805=ORIENTED_EDGE('',*,*,#1272,.F.);
#1806=ORIENTED_EDGE('',*,*,#1280,.T.);
#1807=ORIENTED_EDGE('',*,*,#1281,.T.);
#1808=ORIENTED_EDGE('',*,*,#1282,.T.);
#1809=ORIENTED_EDGE('',*,*,#1283,.T.);
#1810=ORIENTED_EDGE('',*,*,#1284,.T.);
#1811=ORIENTED_EDGE('',*,*,#1285,.T.);
#1812=ORIENTED_EDGE('',*,*,#1286,.T.);
#1813=ORIENTED_EDGE('',*,*,#1283,.F.);
#1814=ORIENTED_EDGE('',*,*,#1287,.T.);
#1815=ORIENTED_EDGE('',*,*,#1288,.T.);
#1816=ORIENTED_EDGE('',*,*,#1289,.T.);
#1817=ORIENTED_EDGE('',*,*,#1285,.F.);
#1818=ORIENTED_EDGE('',*,*,#1290,.T.);
#1819=ORIENTED_EDGE('',*,*,#1281,.F.);
#1820=ORIENTED_EDGE('',*,*,#1278,.F.);
#1821=ORIENTED_EDGE('',*,*,#1291,.T.);
#1822=ORIENTED_EDGE('',*,*,#1240,.F.);
#1823=ORIENTED_EDGE('',*,*,#1288,.F.);
#1824=ORIENTED_EDGE('',*,*,#1073,.T.);
#1825=ORIENTED_EDGE('',*,*,#1021,.F.);
#1826=ORIENTED_EDGE('',*,*,#1074,.F.);
#1827=ORIENTED_EDGE('',*,*,#1290,.F.);
#1828=ORIENTED_EDGE('',*,*,#1292,.F.);
#1829=ORIENTED_EDGE('',*,*,#1036,.F.);
#1830=ORIENTED_EDGE('',*,*,#1292,.T.);
#1831=ORIENTED_EDGE('',*,*,#1287,.F.);
#1832=ORIENTED_EDGE('',*,*,#1293,.T.);
#1833=ORIENTED_EDGE('',*,*,#1018,.F.);
#1834=ORIENTED_EDGE('',*,*,#1293,.F.);
#1835=ORIENTED_EDGE('',*,*,#1282,.F.);
#1836=ORIENTED_EDGE('',*,*,#1294,.F.);
#1837=ORIENTED_EDGE('',*,*,#1242,.F.);
#1838=ORIENTED_EDGE('',*,*,#1245,.F.);
#1839=ORIENTED_EDGE('',*,*,#1247,.F.);
#1840=ORIENTED_EDGE('',*,*,#1249,.F.);
#1841=ORIENTED_EDGE('',*,*,#1252,.F.);
#1842=ORIENTED_EDGE('',*,*,#1255,.F.);
#1843=ORIENTED_EDGE('',*,*,#1257,.F.);
#1844=ORIENTED_EDGE('',*,*,#1259,.F.);
#1845=ORIENTED_EDGE('',*,*,#1263,.F.);
#1846=ORIENTED_EDGE('',*,*,#1268,.F.);
#1847=ORIENTED_EDGE('',*,*,#1270,.F.);
#1848=ORIENTED_EDGE('',*,*,#1273,.F.);
#1849=ORIENTED_EDGE('',*,*,#1279,.F.);
#1850=ORIENTED_EDGE('',*,*,#1284,.F.);
#1851=ORIENTED_EDGE('',*,*,#1286,.F.);
#1852=ORIENTED_EDGE('',*,*,#1289,.F.);
#1853=ORIENTED_EDGE('',*,*,#1156,.F.);
#1854=ORIENTED_EDGE('',*,*,#1295,.T.);
#1855=ORIENTED_EDGE('',*,*,#1212,.F.);
#1856=ORIENTED_EDGE('',*,*,#1176,.F.);
#1857=ORIENTED_EDGE('',*,*,#1141,.F.);
#1858=ORIENTED_EDGE('',*,*,#1234,.T.);
#1859=ORIENTED_EDGE('',*,*,#1189,.F.);
#1860=ORIENTED_EDGE('',*,*,#1296,.F.);
#1861=ORIENTED_EDGE('',*,*,#1143,.F.);
#1862=ORIENTED_EDGE('',*,*,#1296,.T.);
#1863=ORIENTED_EDGE('',*,*,#1192,.F.);
#1864=ORIENTED_EDGE('',*,*,#1297,.F.);
#1865=ORIENTED_EDGE('',*,*,#1145,.F.);
#1866=ORIENTED_EDGE('',*,*,#1297,.T.);
#1867=ORIENTED_EDGE('',*,*,#1195,.F.);
#1868=ORIENTED_EDGE('',*,*,#1298,.F.);
#1869=ORIENTED_EDGE('',*,*,#1146,.F.);
#1870=ORIENTED_EDGE('',*,*,#1298,.T.);
#1871=ORIENTED_EDGE('',*,*,#1197,.F.);
#1872=ORIENTED_EDGE('',*,*,#1299,.F.);
#1873=ORIENTED_EDGE('',*,*,#1148,.F.);
#1874=ORIENTED_EDGE('',*,*,#1299,.T.);
#1875=ORIENTED_EDGE('',*,*,#1202,.F.);
#1876=ORIENTED_EDGE('',*,*,#1300,.F.);
#1877=ORIENTED_EDGE('',*,*,#1151,.F.);
#1878=ORIENTED_EDGE('',*,*,#1300,.T.);
#1879=ORIENTED_EDGE('',*,*,#1204,.F.);
#1880=ORIENTED_EDGE('',*,*,#1301,.F.);
#1881=ORIENTED_EDGE('',*,*,#1153,.F.);
#1882=ORIENTED_EDGE('',*,*,#1301,.T.);
#1883=ORIENTED_EDGE('',*,*,#1207,.F.);
#1884=ORIENTED_EDGE('',*,*,#1302,.F.);
#1885=ORIENTED_EDGE('',*,*,#1155,.F.);
#1886=ORIENTED_EDGE('',*,*,#1302,.T.);
#1887=ORIENTED_EDGE('',*,*,#1210,.F.);
#1888=ORIENTED_EDGE('',*,*,#1295,.F.);
#1889=ORIENTED_EDGE('',*,*,#1303,.F.);
#1890=ORIENTED_EDGE('',*,*,#1235,.F.);
#1891=ORIENTED_EDGE('',*,*,#1303,.T.);
#1892=ORIENTED_EDGE('',*,*,#1183,.F.);
#1893=ORIENTED_EDGE('',*,*,#1304,.T.);
#1894=ORIENTED_EDGE('',*,*,#1238,.T.);
#1895=ORIENTED_EDGE('',*,*,#1304,.F.);
#1896=ORIENTED_EDGE('',*,*,#1305,.T.);
#1897=ORIENTED_EDGE('',*,*,#1305,.F.);
#1898=ORIENTED_EDGE('',*,*,#1015,.F.);
#1899=ORIENTED_EDGE('',*,*,#1294,.T.);
#1900=ORIENTED_EDGE('',*,*,#1291,.F.);
#1901=ORIENTED_EDGE('',*,*,#1306,.T.);
#1902=ORIENTED_EDGE('',*,*,#1009,.F.);
#1903=ORIENTED_EDGE('',*,*,#1307,.T.);
#1904=ORIENTED_EDGE('',*,*,#1280,.F.);
#1905=ORIENTED_EDGE('',*,*,#1308,.T.);
#1906=ORIENTED_EDGE('',*,*,#1012,.F.);
#1907=ORIENTED_EDGE('',*,*,#1306,.F.);
#1908=ORIENTED_EDGE('',*,*,#1277,.F.);
#1909=ORIENTED_EDGE('',*,*,#1307,.F.);
#1910=ORIENTED_EDGE('',*,*,#1071,.F.);
#1911=ORIENTED_EDGE('',*,*,#1309,.T.);
#1912=ORIENTED_EDGE('',*,*,#1271,.F.);
#1913=ORIENTED_EDGE('',*,*,#1310,.T.);
#1914=ORIENTED_EDGE('',*,*,#1068,.F.);
#1915=ORIENTED_EDGE('',*,*,#1310,.F.);
#1916=ORIENTED_EDGE('',*,*,#1266,.F.);
#1917=ORIENTED_EDGE('',*,*,#1311,.F.);
#1918=ORIENTED_EDGE('',*,*,#1065,.F.);
#1919=ORIENTED_EDGE('',*,*,#1311,.T.);
#1920=ORIENTED_EDGE('',*,*,#1275,.F.);
#1921=ORIENTED_EDGE('',*,*,#1312,.T.);
#1922=ORIENTED_EDGE('',*,*,#1059,.F.);
#1923=ORIENTED_EDGE('',*,*,#1313,.T.);
#1924=ORIENTED_EDGE('',*,*,#1264,.F.);
#1925=ORIENTED_EDGE('',*,*,#1095,.T.);
#1926=ORIENTED_EDGE('',*,*,#1062,.F.);
#1927=ORIENTED_EDGE('',*,*,#1312,.F.);
#1928=ORIENTED_EDGE('',*,*,#1261,.F.);
#1929=ORIENTED_EDGE('',*,*,#1313,.F.);
#1930=ORIENTED_EDGE('',*,*,#1005,.F.);
#1931=ORIENTED_EDGE('',*,*,#1308,.F.);
#1932=ORIENTED_EDGE('',*,*,#1274,.F.);
#1933=ORIENTED_EDGE('',*,*,#1309,.F.);
#1934=CYLINDRICAL_SURFACE('',#2161,0.2);
#1935=CYLINDRICAL_SURFACE('',#2168,0.2);
#1936=CYLINDRICAL_SURFACE('',#2174,0.2);
#1937=CYLINDRICAL_SURFACE('',#2176,0.2);
#1938=CYLINDRICAL_SURFACE('',#2183,0.2);
#1939=CYLINDRICAL_SURFACE('',#2189,0.2);
#1940=CYLINDRICAL_SURFACE('',#2193,0.2);
#1941=CYLINDRICAL_SURFACE('',#2200,0.2);
#1942=CYLINDRICAL_SURFACE('',#2206,0.2);
#1943=CYLINDRICAL_SURFACE('',#2210,0.2);
#1944=CYLINDRICAL_SURFACE('',#2217,0.2);
#1945=CYLINDRICAL_SURFACE('',#2223,0.2);
#1946=CYLINDRICAL_SURFACE('',#2229,0.2);
#1947=CYLINDRICAL_SURFACE('',#2232,0.2);
#1948=CYLINDRICAL_SURFACE('',#2235,0.2);
#1949=CYLINDRICAL_SURFACE('',#2238,0.2);
#1950=CYLINDRICAL_SURFACE('',#2241,0.2);
#1951=CYLINDRICAL_SURFACE('',#2244,0.2);
#1952=CYLINDRICAL_SURFACE('',#2256,0.2);
#1953=CYLINDRICAL_SURFACE('',#2262,0.2);
#1954=CYLINDRICAL_SURFACE('',#2267,0.2);
#1955=CYLINDRICAL_SURFACE('',#2269,0.2);
#1956=CYLINDRICAL_SURFACE('',#2275,0.2);
#1957=CYLINDRICAL_SURFACE('',#2280,0.2);
#1958=CYLINDRICAL_SURFACE('',#2281,0.2);
#1959=CYLINDRICAL_SURFACE('',#2286,0.2);
#1960=CYLINDRICAL_SURFACE('',#2291,0.2);
#1961=CYLINDRICAL_SURFACE('',#2293,0.2);
#1962=CYLINDRICAL_SURFACE('',#2298,0.2);
#1963=CYLINDRICAL_SURFACE('',#2303,0.2);
#1964=CYLINDRICAL_SURFACE('',#2305,0.850000000000001);
#1965=CYLINDRICAL_SURFACE('',#2308,0.85);
#1966=CYLINDRICAL_SURFACE('',#2312,0.850000000000001);
#1967=CYLINDRICAL_SURFACE('',#2315,0.85);
#1968=CYLINDRICAL_SURFACE('',#2324,11.75);
#1969=CYLINDRICAL_SURFACE('',#2326,0.2);
#1970=CYLINDRICAL_SURFACE('',#2333,0.2);
#1971=CYLINDRICAL_SURFACE('',#2339,0.2);
#1972=CYLINDRICAL_SURFACE('',#2341,0.2);
#1973=CYLINDRICAL_SURFACE('',#2347,0.2);
#1974=CYLINDRICAL_SURFACE('',#2353,0.2);
#1975=CYLINDRICAL_SURFACE('',#2355,0.2);
#1976=CYLINDRICAL_SURFACE('',#2360,0.2);
#1977=CYLINDRICAL_SURFACE('',#2365,0.2);
#1978=CYLINDRICAL_SURFACE('',#2367,0.2);
#1979=CYLINDRICAL_SURFACE('',#2372,0.2);
#1980=CYLINDRICAL_SURFACE('',#2377,0.2);
#1981=CYLINDRICAL_SURFACE('',#2384,12.65);
#1982=CYLINDRICAL_SURFACE('',#2386,0.2);
#1983=CYLINDRICAL_SURFACE('',#2389,0.2);
#1984=CYLINDRICAL_SURFACE('',#2395,0.2);
#1985=CYLINDRICAL_SURFACE('',#2398,0.2);
#1986=CYLINDRICAL_SURFACE('',#2402,0.2);
#1987=CYLINDRICAL_SURFACE('',#2408,0.2);
#1988=CYLINDRICAL_SURFACE('',#2411,0.2);
#1989=CYLINDRICAL_SURFACE('',#2416,0.2);
#1990=CYLINDRICAL_SURFACE('',#2423,0.2);
#1991=CYLINDRICAL_SURFACE('',#2427,0.2);
#1992=CYLINDRICAL_SURFACE('',#2432,0.2);
#1993=CYLINDRICAL_SURFACE('',#2439,0.2);
#1994=CYLINDRICAL_SURFACE('',#2445,0.2);
#1995=CYLINDRICAL_SURFACE('',#2449,0.85);
#1996=CYLINDRICAL_SURFACE('',#2451,0.850000000000001);
#1997=CYLINDRICAL_SURFACE('',#2454,0.85);
#1998=CYLINDRICAL_SURFACE('',#2456,0.850000000000001);
#1999=CYLINDRICAL_SURFACE('',#2459,0.2);
#2000=CYLINDRICAL_SURFACE('',#2460,0.2);
#2001=CYLINDRICAL_SURFACE('',#2462,0.2);
#2002=CYLINDRICAL_SURFACE('',#2464,0.2);
#2003=CYLINDRICAL_SURFACE('',#2465,0.2);
#2004=ADVANCED_FACE('',(#101),#1934,.T.);
#2005=ADVANCED_FACE('',(#102),#71,.T.);
#2006=ADVANCED_FACE('',(#103),#1935,.T.);
#2007=ADVANCED_FACE('',(#104),#72,.T.);
#2008=ADVANCED_FACE('',(#105),#1936,.T.);
#2009=ADVANCED_FACE('',(#106),#1937,.T.);
#2010=ADVANCED_FACE('',(#107),#73,.T.);
#2011=ADVANCED_FACE('',(#108),#1938,.T.);
#2012=ADVANCED_FACE('',(#109),#74,.T.);
#2013=ADVANCED_FACE('',(#110),#1939,.T.);
#2014=ADVANCED_FACE('',(#111),#59,.T.);
#2015=ADVANCED_FACE('',(#112),#1940,.T.);
#2016=ADVANCED_FACE('',(#113),#75,.T.);
#2017=ADVANCED_FACE('',(#114),#1941,.T.);
#2018=ADVANCED_FACE('',(#115),#76,.T.);
#2019=ADVANCED_FACE('',(#116),#1942,.T.);
#2020=ADVANCED_FACE('',(#117),#60,.T.);
#2021=ADVANCED_FACE('',(#118),#1943,.T.);
#2022=ADVANCED_FACE('',(#119),#77,.T.);
#2023=ADVANCED_FACE('',(#120),#1944,.T.);
#2024=ADVANCED_FACE('',(#121),#78,.T.);
#2025=ADVANCED_FACE('',(#122),#1945,.T.);
#2026=ADVANCED_FACE('',(#123),#61,.T.);
#2027=ADVANCED_FACE('',(#124),#62,.T.);
#2028=ADVANCED_FACE('',(#125),#1946,.F.);
#2029=ADVANCED_FACE('',(#126),#30,.F.);
#2030=ADVANCED_FACE('',(#127),#1947,.F.);
#2031=ADVANCED_FACE('',(#128),#31,.F.);
#2032=ADVANCED_FACE('',(#129),#1948,.T.);
#2033=ADVANCED_FACE('',(#130),#32,.F.);
#2034=ADVANCED_FACE('',(#131),#1949,.F.);
#2035=ADVANCED_FACE('',(#132),#33,.F.);
#2036=ADVANCED_FACE('',(#133),#1950,.F.);
#2037=ADVANCED_FACE('',(#134),#34,.F.);
#2038=ADVANCED_FACE('',(#135),#1951,.T.);
#2039=ADVANCED_FACE('',(#136),#35,.F.);
#2040=ADVANCED_FACE('',(#137,#27),#36,.F.);
#2041=ADVANCED_FACE('',(#138),#1952,.T.);
#2042=ADVANCED_FACE('',(#139),#79,.T.);
#2043=ADVANCED_FACE('',(#140),#1953,.T.);
#2044=ADVANCED_FACE('',(#141),#80,.T.);
#2045=ADVANCED_FACE('',(#142),#1954,.T.);
#2046=ADVANCED_FACE('',(#143),#1955,.T.);
#2047=ADVANCED_FACE('',(#144),#81,.T.);
#2048=ADVANCED_FACE('',(#145),#1956,.T.);
#2049=ADVANCED_FACE('',(#146),#82,.T.);
#2050=ADVANCED_FACE('',(#147),#1957,.T.);
#2051=ADVANCED_FACE('',(#148),#1958,.T.);
#2052=ADVANCED_FACE('',(#149),#83,.T.);
#2053=ADVANCED_FACE('',(#150),#1959,.T.);
#2054=ADVANCED_FACE('',(#151),#84,.T.);
#2055=ADVANCED_FACE('',(#152),#1960,.T.);
#2056=ADVANCED_FACE('',(#153),#1961,.T.);
#2057=ADVANCED_FACE('',(#154),#85,.T.);
#2058=ADVANCED_FACE('',(#155),#1962,.T.);
#2059=ADVANCED_FACE('',(#156),#86,.T.);
#2060=ADVANCED_FACE('',(#157),#1963,.T.);
#2061=ADVANCED_FACE('',(#158),#37,.T.);
#2062=ADVANCED_FACE('',(#159),#1964,.T.);
#2063=ADVANCED_FACE('',(#160),#38,.T.);
#2064=ADVANCED_FACE('',(#161),#1965,.T.);
#2065=ADVANCED_FACE('',(#162),#39,.T.);
#2066=ADVANCED_FACE('',(#163),#40,.T.);
#2067=ADVANCED_FACE('',(#164),#1966,.T.);
#2068=ADVANCED_FACE('',(#165),#41,.T.);
#2069=ADVANCED_FACE('',(#166),#1967,.T.);
#2070=ADVANCED_FACE('',(#167),#42,.T.);
#2071=ADVANCED_FACE('',(#168),#87,.T.);
#2072=ADVANCED_FACE('',(#169,#28),#43,.F.);
#2073=ADVANCED_FACE('',(#170),#1968,.F.);
#2074=ADVANCED_FACE('',(#171),#1969,.F.);
#2075=ADVANCED_FACE('',(#172),#88,.F.);
#2076=ADVANCED_FACE('',(#173),#1970,.F.);
#2077=ADVANCED_FACE('',(#174),#89,.F.);
#2078=ADVANCED_FACE('',(#175),#1971,.F.);
#2079=ADVANCED_FACE('',(#176),#1972,.F.);
#2080=ADVANCED_FACE('',(#177),#90,.F.);
#2081=ADVANCED_FACE('',(#178),#1973,.F.);
#2082=ADVANCED_FACE('',(#179),#91,.F.);
#2083=ADVANCED_FACE('',(#180),#1974,.F.);
#2084=ADVANCED_FACE('',(#181),#1975,.F.);
#2085=ADVANCED_FACE('',(#182),#92,.F.);
#2086=ADVANCED_FACE('',(#183),#1976,.F.);
#2087=ADVANCED_FACE('',(#184),#93,.F.);
#2088=ADVANCED_FACE('',(#185),#1977,.F.);
#2089=ADVANCED_FACE('',(#186),#1978,.F.);
#2090=ADVANCED_FACE('',(#187),#94,.F.);
#2091=ADVANCED_FACE('',(#188),#1979,.F.);
#2092=ADVANCED_FACE('',(#189),#95,.F.);
#2093=ADVANCED_FACE('',(#190),#1980,.F.);
#2094=ADVANCED_FACE('',(#191),#44,.T.);
#2095=ADVANCED_FACE('',(#192,#29),#45,.F.);
#2096=ADVANCED_FACE('',(#193),#96,.T.);
#2097=ADVANCED_FACE('',(#194),#1981,.T.);
#2098=ADVANCED_FACE('',(#195),#1982,.F.);
#2099=ADVANCED_FACE('',(#196),#1983,.F.);
#2100=ADVANCED_FACE('',(#197),#97,.F.);
#2101=ADVANCED_FACE('',(#198),#1984,.F.);
#2102=ADVANCED_FACE('',(#199),#63,.F.);
#2103=ADVANCED_FACE('',(#200),#1985,.F.);
#2104=ADVANCED_FACE('',(#201),#64,.F.);
#2105=ADVANCED_FACE('',(#202),#1986,.F.);
#2106=ADVANCED_FACE('',(#203),#98,.F.);
#2107=ADVANCED_FACE('',(#204),#1987,.F.);
#2108=ADVANCED_FACE('',(#205),#65,.F.);
#2109=ADVANCED_FACE('',(#206),#1988,.F.);
#2110=ADVANCED_FACE('',(#207),#66,.F.);
#2111=ADVANCED_FACE('',(#208),#1989,.F.);
#2112=ADVANCED_FACE('',(#209),#99,.F.);
#2113=ADVANCED_FACE('',(#210),#1990,.F.);
#2114=ADVANCED_FACE('',(#211),#67,.F.);
#2115=ADVANCED_FACE('',(#212),#1991,.F.);
#2116=ADVANCED_FACE('',(#213),#68,.F.);
#2117=ADVANCED_FACE('',(#214),#1992,.F.);
#2118=ADVANCED_FACE('',(#215),#100,.F.);
#2119=ADVANCED_FACE('',(#216),#1993,.F.);
#2120=ADVANCED_FACE('',(#217),#69,.F.);
#2121=ADVANCED_FACE('',(#218),#70,.F.);
#2122=ADVANCED_FACE('',(#219),#46,.F.);
#2123=ADVANCED_FACE('',(#220),#1994,.T.);
#2124=ADVANCED_FACE('',(#221),#47,.F.);
#2125=ADVANCED_FACE('',(#222),#48,.F.);
#2126=ADVANCED_FACE('',(#223),#49,.T.);
#2127=ADVANCED_FACE('',(#224),#1995,.T.);
#2128=ADVANCED_FACE('',(#225),#50,.T.);
#2129=ADVANCED_FACE('',(#226),#1996,.T.);
#2130=ADVANCED_FACE('',(#227),#51,.T.);
#2131=ADVANCED_FACE('',(#228),#52,.T.);
#2132=ADVANCED_FACE('',(#229),#1997,.T.);
#2133=ADVANCED_FACE('',(#230),#53,.T.);
#2134=ADVANCED_FACE('',(#231),#1998,.T.);
#2135=ADVANCED_FACE('',(#232),#17,.T.);
#2136=ADVANCED_FACE('',(#233),#18,.F.);
#2137=ADVANCED_FACE('',(#234),#54,.T.);
#2138=ADVANCED_FACE('',(#235),#1999,.F.);
#2139=ADVANCED_FACE('',(#236),#2000,.F.);
#2140=ADVANCED_FACE('',(#237),#55,.F.);
#2141=ADVANCED_FACE('',(#238),#2001,.T.);
#2142=ADVANCED_FACE('',(#239),#56,.F.);
#2143=ADVANCED_FACE('',(#240),#2002,.F.);
#2144=ADVANCED_FACE('',(#241),#2003,.F.);
#2145=ADVANCED_FACE('',(#242),#57,.F.);
#2146=ADVANCED_FACE('',(#243),#58,.F.);
#2147=CLOSED_SHELL('',(#2004,#2005,#2006,#2007,#2008,#2009,#2010,#2011,
#2012,#2013,#2014,#2015,#2016,#2017,#2018,#2019,#2020,#2021,#2022,#2023,
#2024,#2025,#2026,#2027,#2028,#2029,#2030,#2031,#2032,#2033,#2034,#2035,
#2036,#2037,#2038,#2039,#2040,#2041,#2042,#2043,#2044,#2045,#2046,#2047,
#2048,#2049,#2050,#2051,#2052,#2053,#2054,#2055,#2056,#2057,#2058,#2059,
#2060,#2061,#2062,#2063,#2064,#2065,#2066,#2067,#2068,#2069,#2070,#2071,
#2072,#2073,#2074,#2075,#2076,#2077,#2078,#2079,#2080,#2081,#2082,#2083,
#2084,#2085,#2086,#2087,#2088,#2089,#2090,#2091,#2092,#2093,#2094,#2095,
#2096,#2097,#2098,#2099,#2100,#2101,#2102,#2103,#2104,#2105,#2106,#2107,
#2108,#2109,#2110,#2111,#2112,#2113,#2114,#2115,#2116,#2117,#2118,#2119,
#2120,#2121,#2122,#2123,#2124,#2125,#2126,#2127,#2128,#2129,#2130,#2131,
#2132,#2133,#2134,#2135,#2136,#2137,#2138,#2139,#2140,#2141,#2142,#2143,
#2144,#2145,#2146));
#2148=DERIVED_UNIT_ELEMENT(#2150,1.);
#2149=DERIVED_UNIT_ELEMENT(#4231,-3.);
#2150=(
MASS_UNIT()
NAMED_UNIT(*)
SI_UNIT(.KILO.,.GRAM.)
);
#2151=DERIVED_UNIT((#2148,#2149));
#2152=MEASURE_REPRESENTATION_ITEM('density measure',
POSITIVE_RATIO_MEASURE(7850.),#2151);
#2153=PROPERTY_DEFINITION_REPRESENTATION(#2158,#2155);
#2154=PROPERTY_DEFINITION_REPRESENTATION(#2159,#2156);
#2155=REPRESENTATION('material name',(#2157),#4228);
#2156=REPRESENTATION('density',(#2152),#4228);
#2157=DESCRIPTIVE_REPRESENTATION_ITEM('Steel','Steel');
#2158=PROPERTY_DEFINITION('material property','material name',#4238);
#2159=PROPERTY_DEFINITION('material property','density of part',#4238);
#2160=AXIS2_PLACEMENT_3D('',#3226,#2468,#2469);
#2161=AXIS2_PLACEMENT_3D('',#3227,#2470,#2471);
#2162=AXIS2_PLACEMENT_3D('',#3230,#2472,#2473);
#2163=AXIS2_PLACEMENT_3D('',#3234,#2475,#2476);
#2164=AXIS2_PLACEMENT_3D('',#3236,#2478,#2479);
#2165=AXIS2_PLACEMENT_3D('',#3239,#2480,#2481);
#2166=AXIS2_PLACEMENT_3D('',#3240,#2482,#2483);
#2167=AXIS2_PLACEMENT_3D('',#3241,#2484,#2485);
#2168=AXIS2_PLACEMENT_3D('',#3242,#2486,#2487);
#2169=AXIS2_PLACEMENT_3D('',#3245,#2488,#2489);
#2170=AXIS2_PLACEMENT_3D('',#3248,#2492,#2493);
#2171=AXIS2_PLACEMENT_3D('',#3251,#2494,#2495);
#2172=AXIS2_PLACEMENT_3D('',#3252,#2496,#2497);
#2173=AXIS2_PLACEMENT_3D('',#3253,#2498,#2499);
#2174=AXIS2_PLACEMENT_3D('',#3254,#2500,#2501);
#2175=AXIS2_PLACEMENT_3D('',#3257,#2502,#2503);
#2176=AXIS2_PLACEMENT_3D('',#3260,#2506,#2507);
#2177=AXIS2_PLACEMENT_3D('',#3263,#2508,#2509);
#2178=AXIS2_PLACEMENT_3D('',#3266,#2511,#2512);
#2179=AXIS2_PLACEMENT_3D('',#3268,#2514,#2515);
#2180=AXIS2_PLACEMENT_3D('',#3271,#2516,#2517);
#2181=AXIS2_PLACEMENT_3D('',#3272,#2518,#2519);
#2182=AXIS2_PLACEMENT_3D('',#3273,#2520,#2521);
#2183=AXIS2_PLACEMENT_3D('',#3274,#2522,#2523);
#2184=AXIS2_PLACEMENT_3D('',#3277,#2524,#2525);
#2185=AXIS2_PLACEMENT_3D('',#3280,#2528,#2529);
#2186=AXIS2_PLACEMENT_3D('',#3283,#2530,#2531);
#2187=AXIS2_PLACEMENT_3D('',#3284,#2532,#2533);
#2188=AXIS2_PLACEMENT_3D('',#3285,#2534,#2535);
#2189=AXIS2_PLACEMENT_3D('',#3286,#2536,#2537);
#2190=AXIS2_PLACEMENT_3D('',#3289,#2538,#2539);
#2191=AXIS2_PLACEMENT_3D('',#3292,#2542,#2543);
#2192=AXIS2_PLACEMENT_3D('',#3293,#2544,#2545);
#2193=AXIS2_PLACEMENT_3D('',#3294,#2546,#2547);
#2194=AXIS2_PLACEMENT_3D('',#3297,#2548,#2549);
#2195=AXIS2_PLACEMENT_3D('',#3300,#2551,#2552);
#2196=AXIS2_PLACEMENT_3D('',#3302,#2554,#2555);
#2197=AXIS2_PLACEMENT_3D('',#3305,#2556,#2557);
#2198=AXIS2_PLACEMENT_3D('',#3306,#2558,#2559);
#2199=AXIS2_PLACEMENT_3D('',#3307,#2560,#2561);
#2200=AXIS2_PLACEMENT_3D('',#3308,#2562,#2563);
#2201=AXIS2_PLACEMENT_3D('',#3311,#2564,#2565);
#2202=AXIS2_PLACEMENT_3D('',#3314,#2568,#2569);
#2203=AXIS2_PLACEMENT_3D('',#3317,#2570,#2571);
#2204=AXIS2_PLACEMENT_3D('',#3318,#2572,#2573);
#2205=AXIS2_PLACEMENT_3D('',#3319,#2574,#2575);
#2206=AXIS2_PLACEMENT_3D('',#3320,#2576,#2577);
#2207=AXIS2_PLACEMENT_3D('',#3323,#2578,#2579);
#2208=AXIS2_PLACEMENT_3D('',#3326,#2582,#2583);
#2209=AXIS2_PLACEMENT_3D('',#3327,#2584,#2585);
#2210=AXIS2_PLACEMENT_3D('',#3328,#2586,#2587);
#2211=AXIS2_PLACEMENT_3D('',#3331,#2588,#2589);
#2212=AXIS2_PLACEMENT_3D('',#3334,#2591,#2592);
#2213=AXIS2_PLACEMENT_3D('',#3336,#2594,#2595);
#2214=AXIS2_PLACEMENT_3D('',#3339,#2596,#2597);
#2215=AXIS2_PLACEMENT_3D('',#3340,#2598,#2599);
#2216=AXIS2_PLACEMENT_3D('',#3341,#2600,#2601);
#2217=AXIS2_PLACEMENT_3D('',#3342,#2602,#2603);
#2218=AXIS2_PLACEMENT_3D('',#3345,#2604,#2605);
#2219=AXIS2_PLACEMENT_3D('',#3348,#2608,#2609);
#2220=AXIS2_PLACEMENT_3D('',#3351,#2610,#2611);
#2221=AXIS2_PLACEMENT_3D('',#3352,#2612,#2613);
#2222=AXIS2_PLACEMENT_3D('',#3353,#2614,#2615);
#2223=AXIS2_PLACEMENT_3D('',#3354,#2616,#2617);
#2224=AXIS2_PLACEMENT_3D('',#3356,#2618,#2619);
#2225=AXIS2_PLACEMENT_3D('',#3359,#2622,#2623);
#2226=AXIS2_PLACEMENT_3D('',#3360,#2624,#2625);
#2227=AXIS2_PLACEMENT_3D('',#3361,#2626,#2627);
#2228=AXIS2_PLACEMENT_3D('',#3362,#2628,#2629);
#2229=AXIS2_PLACEMENT_3D('',#3363,#2630,#2631);
#2230=AXIS2_PLACEMENT_3D('',#3367,#2633,#2634);
#2231=AXIS2_PLACEMENT_3D('',#3369,#2636,#2637);
#2232=AXIS2_PLACEMENT_3D('',#3373,#2640,#2641);
#2233=AXIS2_PLACEMENT_3D('',#3376,#2643,#2644);
#2234=AXIS2_PLACEMENT_3D('',#3377,#2645,#2646);
#2235=AXIS2_PLACEMENT_3D('',#3381,#2649,#2650);
#2236=AXIS2_PLACEMENT_3D('',#3384,#2652,#2653);
#2237=AXIS2_PLACEMENT_3D('',#3385,#2654,#2655);
#2238=AXIS2_PLACEMENT_3D('',#3389,#2658,#2659);
#2239=AXIS2_PLACEMENT_3D('',#3392,#2661,#2662);
#2240=AXIS2_PLACEMENT_3D('',#3393,#2663,#2664);
#2241=AXIS2_PLACEMENT_3D('',#3397,#2667,#2668);
#2242=AXIS2_PLACEMENT_3D('',#3400,#2670,#2671);
#2243=AXIS2_PLACEMENT_3D('',#3401,#2672,#2673);
#2244=AXIS2_PLACEMENT_3D('',#3405,#2676,#2677);
#2245=AXIS2_PLACEMENT_3D('',#3408,#2679,#2680);
#2246=AXIS2_PLACEMENT_3D('',#3409,#2681,#2682);
#2247=AXIS2_PLACEMENT_3D('',#3413,#2685,#2686);
#2248=AXIS2_PLACEMENT_3D('',#3418,#2688,#2689);
#2249=AXIS2_PLACEMENT_3D('',#3422,#2691,#2692);
#2250=AXIS2_PLACEMENT_3D('',#3428,#2695,#2696);
#2251=AXIS2_PLACEMENT_3D('',#3432,#2698,#2699);
#2252=AXIS2_PLACEMENT_3D('',#3438,#2702,#2703);
#2253=AXIS2_PLACEMENT_3D('',#3442,#2705,#2706);
#2254=AXIS2_PLACEMENT_3D('',#3448,#2709,#2710);
#2255=AXIS2_PLACEMENT_3D('',#3452,#2712,#2713);
#2256=AXIS2_PLACEMENT_3D('',#3454,#2715,#2716);
#2257=AXIS2_PLACEMENT_3D('',#3458,#2718,#2719);
#2258=AXIS2_PLACEMENT_3D('',#3459,#2720,#2721);
#2259=AXIS2_PLACEMENT_3D('',#3460,#2722,#2723);
#2260=AXIS2_PLACEMENT_3D('',#3462,#2724,#2725);
#2261=AXIS2_PLACEMENT_3D('',#3463,#2726,#2727);
#2262=AXIS2_PLACEMENT_3D('',#3464,#2728,#2729);
#2263=AXIS2_PLACEMENT_3D('',#3466,#2730,#2731);
#2264=AXIS2_PLACEMENT_3D('',#3468,#2733,#2734);
#2265=AXIS2_PLACEMENT_3D('',#3470,#2735,#2736);
#2266=AXIS2_PLACEMENT_3D('',#3471,#2737,#2738);
#2267=AXIS2_PLACEMENT_3D('',#3472,#2739,#2740);
#2268=AXIS2_PLACEMENT_3D('',#3475,#2742,#2743);
#2269=AXIS2_PLACEMENT_3D('',#3476,#2744,#2745);
#2270=AXIS2_PLACEMENT_3D('',#3480,#2747,#2748);
#2271=AXIS2_PLACEMENT_3D('',#3481,#2749,#2750);
#2272=AXIS2_PLACEMENT_3D('',#3482,#2751,#2752);
#2273=AXIS2_PLACEMENT_3D('',#3484,#2753,#2754);
#2274=AXIS2_PLACEMENT_3D('',#3485,#2755,#2756);
#2275=AXIS2_PLACEMENT_3D('',#3486,#2757,#2758);
#2276=AXIS2_PLACEMENT_3D('',#3488,#2759,#2760);
#2277=AXIS2_PLACEMENT_3D('',#3490,#2762,#2763);
#2278=AXIS2_PLACEMENT_3D('',#3492,#2764,#2765);
#2279=AXIS2_PLACEMENT_3D('',#3493,#2766,#2767);
#2280=AXIS2_PLACEMENT_3D('',#3494,#2768,#2769);
#2281=AXIS2_PLACEMENT_3D('',#3496,#2771,#2772);
#2282=AXIS2_PLACEMENT_3D('',#3499,#2774,#2775);
#2283=AXIS2_PLACEMENT_3D('',#3500,#2776,#2777);
#2284=AXIS2_PLACEMENT_3D('',#3502,#2778,#2779);
#2285=AXIS2_PLACEMENT_3D('',#3503,#2780,#2781);
#2286=AXIS2_PLACEMENT_3D('',#3504,#2782,#2783);
#2287=AXIS2_PLACEMENT_3D('',#3506,#2784,#2785);
#2288=AXIS2_PLACEMENT_3D('',#3508,#2787,#2788);
#2289=AXIS2_PLACEMENT_3D('',#3510,#2789,#2790);
#2290=AXIS2_PLACEMENT_3D('',#3511,#2791,#2792);
#2291=AXIS2_PLACEMENT_3D('',#3512,#2793,#2794);
#2292=AXIS2_PLACEMENT_3D('',#3515,#2796,#2797);
#2293=AXIS2_PLACEMENT_3D('',#3516,#2798,#2799);
#2294=AXIS2_PLACEMENT_3D('',#3519,#2801,#2802);
#2295=AXIS2_PLACEMENT_3D('',#3520,#2803,#2804);
#2296=AXIS2_PLACEMENT_3D('',#3522,#2805,#2806);
#2297=AXIS2_PLACEMENT_3D('',#3523,#2807,#2808);
#2298=AXIS2_PLACEMENT_3D('',#3524,#2809,#2810);
#2299=AXIS2_PLACEMENT_3D('',#3526,#2811,#2812);
#2300=AXIS2_PLACEMENT_3D('',#3528,#2814,#2815);
#2301=AXIS2_PLACEMENT_3D('',#3530,#2816,#2817);
#2302=AXIS2_PLACEMENT_3D('',#3531,#2818,#2819);
#2303=AXIS2_PLACEMENT_3D('',#3532,#2820,#2821);
#2304=AXIS2_PLACEMENT_3D('',#3534,#2823,#2824);
#2305=AXIS2_PLACEMENT_3D('',#3540,#2828,#2829);
#2306=AXIS2_PLACEMENT_3D('',#3543,#2831,#2832);
#2307=AXIS2_PLACEMENT_3D('',#3544,#2833,#2834);
#2308=AXIS2_PLACEMENT_3D('',#3548,#2837,#2838);
#2309=AXIS2_PLACEMENT_3D('',#3551,#2840,#2841);
#2310=AXIS2_PLACEMENT_3D('',#3552,#2842,#2843);
#2311=AXIS2_PLACEMENT_3D('',#3556,#2846,#2847);
#2312=AXIS2_PLACEMENT_3D('',#3560,#2850,#2851);
#2313=AXIS2_PLACEMENT_3D('',#3563,#2853,#2854);
#2314=AXIS2_PLACEMENT_3D('',#3564,#2855,#2856);
#2315=AXIS2_PLACEMENT_3D('',#3568,#2859,#2860);
#2316=AXIS2_PLACEMENT_3D('',#3571,#2862,#2863);
#2317=AXIS2_PLACEMENT_3D('',#3572,#2864,#2865);
#2318=AXIS2_PLACEMENT_3D('',#3576,#2868,#2869);
#2319=AXIS2_PLACEMENT_3D('',#3578,#2870,#2871);
#2320=AXIS2_PLACEMENT_3D('',#3580,#2872,#2873);
#2321=AXIS2_PLACEMENT_3D('',#3581,#2874,#2875);
#2322=AXIS2_PLACEMENT_3D('',#3582,#2876,#2877);
#2323=AXIS2_PLACEMENT_3D('',#3584,#2878,#2879);
#2324=AXIS2_PLACEMENT_3D('',#3585,#2880,#2881);
#2325=AXIS2_PLACEMENT_3D('',#3588,#2883,#2884);
#2326=AXIS2_PLACEMENT_3D('',#3589,#2885,#2886);
#2327=AXIS2_PLACEMENT_3D('',#3594,#2888,#2889);
#2328=AXIS2_PLACEMENT_3D('',#3596,#2891,#2892);
#2329=AXIS2_PLACEMENT_3D('',#3597,#2893,#2894);
#2330=AXIS2_PLACEMENT_3D('',#3600,#2895,#2896);
#2331=AXIS2_PLACEMENT_3D('',#3601,#2897,#2898);
#2332=AXIS2_PLACEMENT_3D('',#3602,#2899,#2900);
#2333=AXIS2_PLACEMENT_3D('',#3603,#2901,#2902);
#2334=AXIS2_PLACEMENT_3D('',#3606,#2903,#2904);
#2335=AXIS2_PLACEMENT_3D('',#3609,#2907,#2908);
#2336=AXIS2_PLACEMENT_3D('',#3612,#2909,#2910);
#2337=AXIS2_PLACEMENT_3D('',#3613,#2911,#2912);
#2338=AXIS2_PLACEMENT_3D('',#3614,#2913,#2914);
#2339=AXIS2_PLACEMENT_3D('',#3615,#2915,#2916);
#2340=AXIS2_PLACEMENT_3D('',#3620,#2919,#2920);
#2341=AXIS2_PLACEMENT_3D('',#3621,#2921,#2922);
#2342=AXIS2_PLACEMENT_3D('',#3625,#2924,#2925);
#2343=AXIS2_PLACEMENT_3D('',#3627,#2927,#2928);
#2344=AXIS2_PLACEMENT_3D('',#3630,#2929,#2930);
#2345=AXIS2_PLACEMENT_3D('',#3631,#2931,#2932);
#2346=AXIS2_PLACEMENT_3D('',#3632,#2933,#2934);
#2347=AXIS2_PLACEMENT_3D('',#3633,#2935,#2936);
#2348=AXIS2_PLACEMENT_3D('',#3636,#2937,#2938);
#2349=AXIS2_PLACEMENT_3D('',#3639,#2941,#2942);
#2350=AXIS2_PLACEMENT_3D('',#3642,#2943,#2944);
#2351=AXIS2_PLACEMENT_3D('',#3643,#2945,#2946);
#2352=AXIS2_PLACEMENT_3D('',#3644,#2947,#2948);
#2353=AXIS2_PLACEMENT_3D('',#3645,#2949,#2950);
#2354=AXIS2_PLACEMENT_3D('',#3649,#2953,#2954);
#2355=AXIS2_PLACEMENT_3D('',#3650,#2955,#2956);
#2356=AXIS2_PLACEMENT_3D('',#3653,#2958,#2959);
#2357=AXIS2_PLACEMENT_3D('',#3654,#2960,#2961);
#2358=AXIS2_PLACEMENT_3D('',#3656,#2962,#2963);
#2359=AXIS2_PLACEMENT_3D('',#3657,#2964,#2965);
#2360=AXIS2_PLACEMENT_3D('',#3658,#2966,#2967);
#2361=AXIS2_PLACEMENT_3D('',#3660,#2968,#2969);
#2362=AXIS2_PLACEMENT_3D('',#3662,#2971,#2972);
#2363=AXIS2_PLACEMENT_3D('',#3664,#2973,#2974);
#2364=AXIS2_PLACEMENT_3D('',#3665,#2975,#2976);
#2365=AXIS2_PLACEMENT_3D('',#3666,#2977,#2978);
#2366=AXIS2_PLACEMENT_3D('',#3669,#2980,#2981);
#2367=AXIS2_PLACEMENT_3D('',#3670,#2982,#2983);
#2368=AXIS2_PLACEMENT_3D('',#3673,#2985,#2986);
#2369=AXIS2_PLACEMENT_3D('',#3674,#2987,#2988);
#2370=AXIS2_PLACEMENT_3D('',#3676,#2989,#2990);
#2371=AXIS2_PLACEMENT_3D('',#3677,#2991,#2992);
#2372=AXIS2_PLACEMENT_3D('',#3678,#2993,#2994);
#2373=AXIS2_PLACEMENT_3D('',#3680,#2995,#2996);
#2374=AXIS2_PLACEMENT_3D('',#3682,#2998,#2999);
#2375=AXIS2_PLACEMENT_3D('',#3684,#3000,#3001);
#2376=AXIS2_PLACEMENT_3D('',#3685,#3002,#3003);
#2377=AXIS2_PLACEMENT_3D('',#3686,#3004,#3005);
#2378=AXIS2_PLACEMENT_3D('',#3688,#3007,#3008);
#2379=AXIS2_PLACEMENT_3D('',#3690,#3010,#3011);
#2380=AXIS2_PLACEMENT_3D('',#3692,#3012,#3013);
#2381=AXIS2_PLACEMENT_3D('',#3693,#3014,#3015);
#2382=AXIS2_PLACEMENT_3D('',#3695,#3016,#3017);
#2383=AXIS2_PLACEMENT_3D('',#3696,#3018,#3019);
#2384=AXIS2_PLACEMENT_3D('',#3697,#3020,#3021);
#2385=AXIS2_PLACEMENT_3D('',#3699,#3022,#3023);
#2386=AXIS2_PLACEMENT_3D('',#3701,#3025,#3026);
#2387=AXIS2_PLACEMENT_3D('',#3703,#3027,#3028);
#2388=AXIS2_PLACEMENT_3D('',#3705,#3029,#3030);
#2389=AXIS2_PLACEMENT_3D('',#3707,#3032,#3033);
#2390=AXIS2_PLACEMENT_3D('',#3708,#3034,#3035);
#2391=AXIS2_PLACEMENT_3D('',#3710,#3036,#3037);
#2392=AXIS2_PLACEMENT_3D('',#3712,#3039,#3040);
#2393=AXIS2_PLACEMENT_3D('',#3714,#3041,#3042);
#2394=AXIS2_PLACEMENT_3D('',#3715,#3043,#3044);
#2395=AXIS2_PLACEMENT_3D('',#3716,#3045,#3046);
#2396=AXIS2_PLACEMENT_3D('',#3718,#3047,#3048);
#2397=AXIS2_PLACEMENT_3D('',#3720,#3050,#3051);
#2398=AXIS2_PLACEMENT_3D('',#3721,#3052,#3053);
#2399=AXIS2_PLACEMENT_3D('',#3722,#3054,#3055);
#2400=AXIS2_PLACEMENT_3D('',#3724,#3056,#3057);
#2401=AXIS2_PLACEMENT_3D('',#3726,#3059,#3060);
#2402=AXIS2_PLACEMENT_3D('',#3727,#3061,#3062);
#2403=AXIS2_PLACEMENT_3D('',#3728,#3063,#3064);
#2404=AXIS2_PLACEMENT_3D('',#3730,#3065,#3066);
#2405=AXIS2_PLACEMENT_3D('',#3732,#3068,#3069);
#2406=AXIS2_PLACEMENT_3D('',#3734,#3070,#3071);
#2407=AXIS2_PLACEMENT_3D('',#3735,#3072,#3073);
#2408=AXIS2_PLACEMENT_3D('',#3736,#3074,#3075);
#2409=AXIS2_PLACEMENT_3D('',#3738,#3076,#3077);
#2410=AXIS2_PLACEMENT_3D('',#3740,#3079,#3080);
#2411=AXIS2_PLACEMENT_3D('',#3741,#3081,#3082);
#2412=AXIS2_PLACEMENT_3D('',#3743,#3083,#3084);
#2413=AXIS2_PLACEMENT_3D('',#3747,#3086,#3087);
#2414=AXIS2_PLACEMENT_3D('',#3749,#3089,#3090);
#2415=AXIS2_PLACEMENT_3D('',#3750,#3091,#3092);
#2416=AXIS2_PLACEMENT_3D('',#3751,#3093,#3094);
#2417=AXIS2_PLACEMENT_3D('',#3753,#3095,#3096);
#2418=AXIS2_PLACEMENT_3D('',#3757,#3098,#3099);
#2419=AXIS2_PLACEMENT_3D('',#3759,#3101,#3102);
#2420=AXIS2_PLACEMENT_3D('',#3762,#3103,#3104);
#2421=AXIS2_PLACEMENT_3D('',#3763,#3105,#3106);
#2422=AXIS2_PLACEMENT_3D('',#3764,#3107,#3108);
#2423=AXIS2_PLACEMENT_3D('',#3765,#3109,#3110);
#2424=AXIS2_PLACEMENT_3D('',#3768,#3111,#3112);
#2425=AXIS2_PLACEMENT_3D('',#3771,#3115,#3116);
#2426=AXIS2_PLACEMENT_3D('',#3772,#3117,#3118);
#2427=AXIS2_PLACEMENT_3D('',#3773,#3119,#3120);
#2428=AXIS2_PLACEMENT_3D('',#3775,#3121,#3122);
#2429=AXIS2_PLACEMENT_3D('',#3779,#3124,#3125);
#2430=AXIS2_PLACEMENT_3D('',#3781,#3127,#3128);
#2431=AXIS2_PLACEMENT_3D('',#3782,#3129,#3130);
#2432=AXIS2_PLACEMENT_3D('',#3783,#3131,#3132);
#2433=AXIS2_PLACEMENT_3D('',#3785,#3133,#3134);
#2434=AXIS2_PLACEMENT_3D('',#3789,#3136,#3137);
#2435=AXIS2_PLACEMENT_3D('',#3791,#3139,#3140);
#2436=AXIS2_PLACEMENT_3D('',#3794,#3141,#3142);
#2437=AXIS2_PLACEMENT_3D('',#3795,#3143,#3144);
#2438=AXIS2_PLACEMENT_3D('',#3796,#3145,#3146);
#2439=AXIS2_PLACEMENT_3D('',#3797,#3147,#3148);
#2440=AXIS2_PLACEMENT_3D('',#3798,#3149,#3150);
#2441=AXIS2_PLACEMENT_3D('',#3801,#3153,#3154);
#2442=AXIS2_PLACEMENT_3D('',#3802,#3155,#3156);
#2443=AXIS2_PLACEMENT_3D('',#3803,#3157,#3158);
#2444=AXIS2_PLACEMENT_3D('',#3804,#3159,#3160);
#2445=AXIS2_PLACEMENT_3D('',#3806,#3162,#3163);
#2446=AXIS2_PLACEMENT_3D('',#3808,#3165,#3166);
#2447=AXIS2_PLACEMENT_3D('',#3810,#3168,#3169);
#2448=AXIS2_PLACEMENT_3D('',#3811,#3170,#3171);
#2449=AXIS2_PLACEMENT_3D('',#3813,#3173,#3174);
#2450=AXIS2_PLACEMENT_3D('',#3815,#3176,#3177);
#2451=AXIS2_PLACEMENT_3D('',#3817,#3179,#3180);
#2452=AXIS2_PLACEMENT_3D('',#3819,#3182,#3183);
#2453=AXIS2_PLACEMENT_3D('',#3821,#3185,#3186);
#2454=AXIS2_PLACEMENT_3D('',#3823,#3188,#3189);
#2455=AXIS2_PLACEMENT_3D('',#3825,#3191,#3192);
#2456=AXIS2_PLACEMENT_3D('',#3827,#3194,#3195);
#2457=AXIS2_PLACEMENT_3D('',#4207,#3196,#3197);
#2458=AXIS2_PLACEMENT_3D('',#4208,#3198,#3199);
#2459=AXIS2_PLACEMENT_3D('',#4209,#3200,#3201);
#2460=AXIS2_PLACEMENT_3D('',#4211,#3203,#3204);
#2461=AXIS2_PLACEMENT_3D('',#4214,#3207,#3208);
#2462=AXIS2_PLACEMENT_3D('',#4215,#3209,#3210);
#2463=AXIS2_PLACEMENT_3D('',#4218,#3213,#3214);
#2464=AXIS2_PLACEMENT_3D('',#4220,#3216,#3217);
#2465=AXIS2_PLACEMENT_3D('',#4222,#3219,#3220);
#2466=AXIS2_PLACEMENT_3D('',#4224,#3222,#3223);
#2467=AXIS2_PLACEMENT_3D('',#4225,#3224,#3225);
#2468=DIRECTION('axis',(0.,0.,1.));
#2469=DIRECTION('refdir',(1.,0.,0.));
#2470=DIRECTION('center_axis',(0.,-1.,0.));
#2471=DIRECTION('ref_axis',(0.707106781186547,0.,-0.707106781186548));
#2472=DIRECTION('center_axis',(0.,-1.,0.));
#2473=DIRECTION('ref_axis',(0.,0.,-1.));
#2474=DIRECTION('',(0.,-1.,0.));
#2475=DIRECTION('center_axis',(0.,1.,0.));
#2476=DIRECTION('ref_axis',(1.,0.,0.));
#2477=DIRECTION('',(0.,1.,0.));
#2478=DIRECTION('center_axis',(0.,0.,-1.));
#2479=DIRECTION('ref_axis',(-1.,0.,0.));
#2480=DIRECTION('center_axis',(-1.,0.,0.));
#2481=DIRECTION('ref_axis',(0.,0.,-1.));
#2482=DIRECTION('center_axis',(0.,0.,1.));
#2483=DIRECTION('ref_axis',(-0.707106781186548,0.707106781186548,0.));
#2484=DIRECTION('center_axis',(0.,0.,-1.));
#2485=DIRECTION('ref_axis',(-0.707106781186548,0.707106781186548,0.));
#2486=DIRECTION('center_axis',(-1.,0.,0.));
#2487=DIRECTION('ref_axis',(0.,-0.707106781186548,-0.707106781186547));
#2488=DIRECTION('center_axis',(-1.,0.,0.));
#2489=DIRECTION('ref_axis',(0.,0.,-1.));
#2490=DIRECTION('',(-1.,0.,0.));
#2491=DIRECTION('',(1.,0.,0.));
#2492=DIRECTION('center_axis',(0.,0.,-1.));
#2493=DIRECTION('ref_axis',(-1.,0.,0.));
#2494=DIRECTION('center_axis',(0.,1.,0.));
#2495=DIRECTION('ref_axis',(0.,0.,-1.));
#2496=DIRECTION('center_axis',(0.,0.,1.));
#2497=DIRECTION('ref_axis',(0.707106781186548,0.707106781186548,0.));
#2498=DIRECTION('center_axis',(0.,0.,-1.));
#2499=DIRECTION('ref_axis',(0.707106781186548,0.707106781186548,0.));
#2500=DIRECTION('center_axis',(0.,1.,0.));
#2501=DIRECTION('ref_axis',(-0.707106781186547,0.,-0.707106781186548));
#2502=DIRECTION('center_axis',(0.,1.,0.));
#2503=DIRECTION('ref_axis',(0.,0.,-1.));
#2504=DIRECTION('',(0.,1.,0.));
#2505=DIRECTION('',(0.,-1.,0.));
#2506=DIRECTION('center_axis',(-1.,0.,0.));
#2507=DIRECTION('ref_axis',(0.,-0.707106781186547,-0.707106781186548));
#2508=DIRECTION('center_axis',(-1.,0.,0.));
#2509=DIRECTION('ref_axis',(0.,0.,-1.));
#2510=DIRECTION('',(-1.,0.,0.));
#2511=DIRECTION('center_axis',(1.,0.,0.));
#2512=DIRECTION('ref_axis',(0.,-1.,0.));
#2513=DIRECTION('',(1.,0.,0.));
#2514=DIRECTION('center_axis',(0.,0.,-1.));
#2515=DIRECTION('ref_axis',(-1.,0.,0.));
#2516=DIRECTION('center_axis',(0.,1.,0.));
#2517=DIRECTION('ref_axis',(0.,0.,-1.));
#2518=DIRECTION('center_axis',(0.,0.,1.));
#2519=DIRECTION('ref_axis',(0.707106781186548,0.707106781186548,0.));
#2520=DIRECTION('center_axis',(0.,0.,-1.));
#2521=DIRECTION('ref_axis',(0.707106781186548,0.707106781186548,0.));
#2522=DIRECTION('center_axis',(0.,1.,0.));
#2523=DIRECTION('ref_axis',(-0.707106781186548,0.,-0.707106781186547));
#2524=DIRECTION('center_axis',(0.,1.,0.));
#2525=DIRECTION('ref_axis',(0.,0.,-1.));
#2526=DIRECTION('',(0.,1.,0.));
#2527=DIRECTION('',(0.,-1.,0.));
#2528=DIRECTION('center_axis',(0.,0.,-1.));
#2529=DIRECTION('ref_axis',(-1.,0.,0.));
#2530=DIRECTION('center_axis',(1.,0.,0.));
#2531=DIRECTION('ref_axis',(0.,0.,-1.));
#2532=DIRECTION('center_axis',(0.,0.,1.));
#2533=DIRECTION('ref_axis',(0.707106781186548,-0.707106781186548,0.));
#2534=DIRECTION('center_axis',(0.,0.,-1.));
#2535=DIRECTION('ref_axis',(0.707106781186548,-0.707106781186548,0.));
#2536=DIRECTION('center_axis',(1.,0.,0.));
#2537=DIRECTION('ref_axis',(0.,0.707106781186547,-0.707106781186548));
#2538=DIRECTION('center_axis',(1.,0.,0.));
#2539=DIRECTION('ref_axis',(0.,0.,-1.));
#2540=DIRECTION('',(1.,0.,0.));
#2541=DIRECTION('',(-1.,0.,0.));
#2542=DIRECTION('center_axis',(0.408248290463863,0.408248290463863,-0.816496580927726));
#2543=DIRECTION('ref_axis',(-0.577350269189626,-0.577350269189625,-0.577350269189626));
#2544=DIRECTION('center_axis',(0.,0.,-1.));
#2545=DIRECTION('ref_axis',(-0.707106781186548,-0.707106781186547,0.));
#2546=DIRECTION('center_axis',(0.,1.,0.));
#2547=DIRECTION('ref_axis',(-0.707106781186547,0.,-0.707106781186548));
#2548=DIRECTION('center_axis',(0.,1.,0.));
#2549=DIRECTION('ref_axis',(0.,0.,-1.));
#2550=DIRECTION('',(0.,1.,0.));
#2551=DIRECTION('center_axis',(0.,-1.,0.));
#2552=DIRECTION('ref_axis',(-1.,0.,0.));
#2553=DIRECTION('',(0.,-1.,0.));
#2554=DIRECTION('center_axis',(0.,0.,-1.));
#2555=DIRECTION('ref_axis',(-1.,0.,0.));
#2556=DIRECTION('center_axis',(1.,0.,0.));
#2557=DIRECTION('ref_axis',(0.,0.,-1.));
#2558=DIRECTION('center_axis',(0.,0.,1.));
#2559=DIRECTION('ref_axis',(0.707106781186548,-0.707106781186548,0.));
#2560=DIRECTION('center_axis',(0.,0.,-1.));
#2561=DIRECTION('ref_axis',(0.707106781186548,-0.707106781186548,0.));
#2562=DIRECTION('center_axis',(1.,0.,0.));
#2563=DIRECTION('ref_axis',(0.,0.707106781186548,-0.707106781186547));
#2564=DIRECTION('center_axis',(1.,0.,0.));
#2565=DIRECTION('ref_axis',(0.,0.,-1.));
#2566=DIRECTION('',(1.,0.,0.));
#2567=DIRECTION('',(-1.,0.,0.));
#2568=DIRECTION('center_axis',(0.,0.,-1.));
#2569=DIRECTION('ref_axis',(-1.,0.,0.));
#2570=DIRECTION('center_axis',(0.,-1.,0.));
#2571=DIRECTION('ref_axis',(0.,0.,-1.));
#2572=DIRECTION('center_axis',(0.,0.,1.));
#2573=DIRECTION('ref_axis',(-0.707106781186548,-0.707106781186548,0.));
#2574=DIRECTION('center_axis',(0.,0.,-1.));
#2575=DIRECTION('ref_axis',(-0.707106781186548,-0.707106781186548,0.));
#2576=DIRECTION('center_axis',(0.,-1.,0.));
#2577=DIRECTION('ref_axis',(0.707106781186547,0.,-0.707106781186548));
#2578=DIRECTION('center_axis',(0.,-1.,0.));
#2579=DIRECTION('ref_axis',(0.,0.,-1.));
#2580=DIRECTION('',(0.,-1.,0.));
#2581=DIRECTION('',(0.,1.,0.));
#2582=DIRECTION('center_axis',(-0.816496580927726,-0.408248290463863,0.408248290463863));
#2583=DIRECTION('ref_axis',(-0.577350269189625,0.577350269189626,-0.577350269189626));
#2584=DIRECTION('center_axis',(0.,0.,-1.));
#2585=DIRECTION('ref_axis',(-0.707106781186547,0.707106781186548,0.));
#2586=DIRECTION('center_axis',(1.,0.,0.));
#2587=DIRECTION('ref_axis',(0.,0.707106781186547,-0.707106781186548));
#2588=DIRECTION('center_axis',(1.,0.,0.));
#2589=DIRECTION('ref_axis',(0.,0.,-1.));
#2590=DIRECTION('',(1.,0.,0.));
#2591=DIRECTION('center_axis',(-1.,0.,0.));
#2592=DIRECTION('ref_axis',(0.,1.,0.));
#2593=DIRECTION('',(-1.,0.,0.));
#2594=DIRECTION('center_axis',(0.,0.,-1.));
#2595=DIRECTION('ref_axis',(-1.,0.,0.));
#2596=DIRECTION('center_axis',(0.,-1.,0.));
#2597=DIRECTION('ref_axis',(0.,0.,-1.));
#2598=DIRECTION('center_axis',(0.,0.,1.));
#2599=DIRECTION('ref_axis',(-0.707106781186548,-0.707106781186548,0.));
#2600=DIRECTION('center_axis',(0.,0.,-1.));
#2601=DIRECTION('ref_axis',(-0.707106781186548,-0.707106781186548,0.));
#2602=DIRECTION('center_axis',(0.,-1.,0.));
#2603=DIRECTION('ref_axis',(0.707106781186548,0.,-0.707106781186547));
#2604=DIRECTION('center_axis',(0.,-1.,0.));
#2605=DIRECTION('ref_axis',(0.,0.,-1.));
#2606=DIRECTION('',(0.,-1.,0.));
#2607=DIRECTION('',(0.,1.,0.));
#2608=DIRECTION('center_axis',(0.,0.,-1.));
#2609=DIRECTION('ref_axis',(-1.,0.,0.));
#2610=DIRECTION('center_axis',(-1.,0.,0.));
#2611=DIRECTION('ref_axis',(0.,0.,-1.));
#2612=DIRECTION('center_axis',(0.,0.,1.));
#2613=DIRECTION('ref_axis',(-0.707106781186548,0.707106781186548,0.));
#2614=DIRECTION('center_axis',(0.,0.,-1.));
#2615=DIRECTION('ref_axis',(-0.707106781186548,0.707106781186548,0.));
#2616=DIRECTION('center_axis',(-1.,0.,0.));
#2617=DIRECTION('ref_axis',(0.,-0.707106781186547,-0.707106781186548));
#2618=DIRECTION('center_axis',(-1.,0.,0.));
#2619=DIRECTION('ref_axis',(0.,0.,-1.));
#2620=DIRECTION('',(-1.,0.,0.));
#2621=DIRECTION('',(1.,0.,0.));
#2622=DIRECTION('center_axis',(-0.408248290463863,-0.408248290463863,-0.816496580927726));
#2623=DIRECTION('ref_axis',(0.577350269189626,0.577350269189625,-0.577350269189626));
#2624=DIRECTION('center_axis',(0.,0.,-1.));
#2625=DIRECTION('ref_axis',(0.707106781186548,0.707106781186547,0.));
#2626=DIRECTION('center_axis',(-0.816496580927726,-0.408248290463864,-0.408248290463863));
#2627=DIRECTION('ref_axis',(0.577350269189625,-0.577350269189626,-0.577350269189626));
#2628=DIRECTION('center_axis',(0.,0.,-1.));
#2629=DIRECTION('ref_axis',(0.707106781186547,-0.707106781186548,0.));
#2630=DIRECTION('center_axis',(0.,0.,1.));
#2631=DIRECTION('ref_axis',(0.707106781186548,0.707106781186547,0.));
#2632=DIRECTION('',(0.,0.,1.));
#2633=DIRECTION('center_axis',(0.,0.,-1.));
#2634=DIRECTION('ref_axis',(0.707106781186548,0.707106781186547,0.));
#2635=DIRECTION('',(0.,0.,-1.));
#2636=DIRECTION('center_axis',(1.,0.,0.));
#2637=DIRECTION('ref_axis',(0.,1.,0.));
#2638=DIRECTION('',(0.,0.,-1.));
#2639=DIRECTION('',(0.,-1.,0.));
#2640=DIRECTION('center_axis',(0.,0.,1.));
#2641=DIRECTION('ref_axis',(0.707106781186548,-0.707106781186547,0.));
#2642=DIRECTION('',(0.,0.,1.));
#2643=DIRECTION('center_axis',(0.,0.,-1.));
#2644=DIRECTION('ref_axis',(0.707106781186548,-0.707106781186547,0.));
#2645=DIRECTION('center_axis',(0.,-1.,0.));
#2646=DIRECTION('ref_axis',(1.,0.,0.));
#2647=DIRECTION('',(0.,0.,-1.));
#2648=DIRECTION('',(-1.,0.,0.));
#2649=DIRECTION('center_axis',(0.,0.,1.));
#2650=DIRECTION('ref_axis',(-0.707106781186547,0.707106781186548,0.));
#2651=DIRECTION('',(0.,0.,1.));
#2652=DIRECTION('center_axis',(0.,0.,1.));
#2653=DIRECTION('ref_axis',(-0.707106781186548,0.707106781186547,0.));
#2654=DIRECTION('center_axis',(1.,0.,0.));
#2655=DIRECTION('ref_axis',(0.,1.,0.));
#2656=DIRECTION('',(0.,0.,-1.));
#2657=DIRECTION('',(0.,-1.,0.));
#2658=DIRECTION('center_axis',(0.,0.,1.));
#2659=DIRECTION('ref_axis',(0.707106781186547,-0.707106781186548,0.));
#2660=DIRECTION('',(0.,0.,1.));
#2661=DIRECTION('center_axis',(0.,0.,-1.));
#2662=DIRECTION('ref_axis',(0.707106781186547,-0.707106781186548,0.));
#2663=DIRECTION('center_axis',(0.,-1.,0.));
#2664=DIRECTION('ref_axis',(1.,0.,0.));
#2665=DIRECTION('',(0.,0.,-1.));
#2666=DIRECTION('',(-1.,0.,0.));
#2667=DIRECTION('center_axis',(0.,0.,1.));
#2668=DIRECTION('ref_axis',(-0.707106781186547,-0.707106781186548,0.));
#2669=DIRECTION('',(0.,0.,1.));
#2670=DIRECTION('center_axis',(0.,0.,-1.));
#2671=DIRECTION('ref_axis',(-0.707106781186547,-0.707106781186548,0.));
#2672=DIRECTION('center_axis',(-1.,0.,0.));
#2673=DIRECTION('ref_axis',(0.,-1.,0.));
#2674=DIRECTION('',(0.,0.,-1.));
#2675=DIRECTION('',(0.,1.,0.));
#2676=DIRECTION('center_axis',(0.,0.,1.));
#2677=DIRECTION('ref_axis',(0.707106781186548,0.707106781186547,0.));
#2678=DIRECTION('',(0.,0.,1.));
#2679=DIRECTION('center_axis',(0.,0.,1.));
#2680=DIRECTION('ref_axis',(0.707106781186547,0.707106781186548,0.));
#2681=DIRECTION('center_axis',(0.,-1.,0.));
#2682=DIRECTION('ref_axis',(1.,0.,0.));
#2683=DIRECTION('',(0.,0.,-1.));
#2684=DIRECTION('',(-1.,0.,0.));
#2685=DIRECTION('center_axis',(0.,0.,1.));
#2686=DIRECTION('ref_axis',(1.,0.,0.));
#2687=DIRECTION('',(0.,-1.,0.));
#2688=DIRECTION('center_axis',(0.,0.,1.));
#2689=DIRECTION('ref_axis',(-0.707106781186548,0.707106781186548,0.));
#2690=DIRECTION('',(-1.,0.,0.));
#2691=DIRECTION('center_axis',(0.,0.,1.));
#2692=DIRECTION('ref_axis',(0.707106781186547,0.707106781186547,0.));
#2693=DIRECTION('',(0.,1.,0.));
#2694=DIRECTION('',(-1.,0.,0.));
#2695=DIRECTION('center_axis',(0.,0.,1.));
#2696=DIRECTION('ref_axis',(0.707106781186547,0.707106781186548,0.));
#2697=DIRECTION('',(0.,1.,0.));
#2698=DIRECTION('center_axis',(0.,0.,1.));
#2699=DIRECTION('ref_axis',(0.707106781186547,-0.707106781186547,0.));
#2700=DIRECTION('',(1.,0.,0.));
#2701=DIRECTION('',(0.,1.,0.));
#2702=DIRECTION('center_axis',(0.,0.,1.));
#2703=DIRECTION('ref_axis',(0.707106781186548,-0.707106781186548,0.));
#2704=DIRECTION('',(1.,0.,0.));
#2705=DIRECTION('center_axis',(0.,0.,1.));
#2706=DIRECTION('ref_axis',(-0.707106781186547,-0.707106781186547,0.));
#2707=DIRECTION('',(0.,-1.,0.));
#2708=DIRECTION('',(1.,0.,0.));
#2709=DIRECTION('center_axis',(0.,0.,1.));
#2710=DIRECTION('ref_axis',(-0.707106781186548,-0.707106781186548,0.));
#2711=DIRECTION('',(0.,-1.,0.));
#2712=DIRECTION('center_axis',(0.,0.,1.));
#2713=DIRECTION('ref_axis',(-0.707106781186547,0.707106781186547,0.));
#2714=DIRECTION('',(-1.,0.,0.));
#2715=DIRECTION('center_axis',(1.,0.,0.));
#2716=DIRECTION('ref_axis',(0.,0.707106781186547,-0.707106781186548));
#2717=DIRECTION('',(1.,0.,0.));
#2718=DIRECTION('center_axis',(-1.,0.,0.));
#2719=DIRECTION('ref_axis',(0.,1.,0.));
#2720=DIRECTION('center_axis',(0.707106781186547,-0.707106781186548,0.));
#2721=DIRECTION('ref_axis',(-0.707106781186548,-0.707106781186547,0.));
#2722=DIRECTION('center_axis',(0.,0.,-1.));
#2723=DIRECTION('ref_axis',(-1.,0.,0.));
#2724=DIRECTION('center_axis',(0.,1.,0.));
#2725=DIRECTION('ref_axis',(1.,0.,0.));
#2726=DIRECTION('center_axis',(0.,0.,-1.));
#2727=DIRECTION('ref_axis',(0.707106781186547,0.707106781186548,0.));
#2728=DIRECTION('center_axis',(0.,-1.,0.));
#2729=DIRECTION('ref_axis',(0.707106781186548,0.,-0.707106781186547));
#2730=DIRECTION('center_axis',(0.,1.,0.));
#2731=DIRECTION('ref_axis',(1.,0.,0.));
#2732=DIRECTION('',(0.,-1.,0.));
#2733=DIRECTION('center_axis',(0.,0.,-1.));
#2734=DIRECTION('ref_axis',(-1.,0.,0.));
#2735=DIRECTION('center_axis',(1.,0.,0.));
#2736=DIRECTION('ref_axis',(0.,-1.,0.));
#2737=DIRECTION('center_axis',(0.,0.,-1.));
#2738=DIRECTION('ref_axis',(0.707106781186547,-0.707106781186547,0.));
#2739=DIRECTION('center_axis',(-1.,0.,0.));
#2740=DIRECTION('ref_axis',(0.,-0.707106781186547,-0.707106781186548));
#2741=DIRECTION('',(-1.,0.,0.));
#2742=DIRECTION('center_axis',(0.707106781186548,0.707106781186547,0.));
#2743=DIRECTION('ref_axis',(0.707106781186547,-0.707106781186548,0.));
#2744=DIRECTION('center_axis',(0.,1.,0.));
#2745=DIRECTION('ref_axis',(-0.707106781186547,0.,-0.707106781186548));
#2746=DIRECTION('',(0.,1.,0.));
#2747=DIRECTION('center_axis',(0.,-1.,0.));
#2748=DIRECTION('ref_axis',(-1.,0.,0.));
#2749=DIRECTION('center_axis',(0.707106781186548,0.707106781186547,0.));
#2750=DIRECTION('ref_axis',(0.707106781186547,-0.707106781186548,0.));
#2751=DIRECTION('center_axis',(0.,0.,-1.));
#2752=DIRECTION('ref_axis',(-1.,0.,0.));
#2753=DIRECTION('center_axis',(-1.,3.46944695195361E-16,0.));
#2754=DIRECTION('ref_axis',(3.46944695195361E-16,1.,0.));
#2755=DIRECTION('center_axis',(0.,0.,-1.));
#2756=DIRECTION('ref_axis',(-0.707106781186548,0.707106781186548,0.));
#2757=DIRECTION('center_axis',(1.,0.,0.));
#2758=DIRECTION('ref_axis',(0.,0.707106781186548,-0.707106781186547));
#2759=DIRECTION('center_axis',(-1.,0.,0.));
#2760=DIRECTION('ref_axis',(0.,1.,0.));
#2761=DIRECTION('',(1.,0.,0.));
#2762=DIRECTION('center_axis',(0.,0.,-1.));
#2763=DIRECTION('ref_axis',(-1.,0.,0.));
#2764=DIRECTION('center_axis',(0.,1.,0.));
#2765=DIRECTION('ref_axis',(1.,0.,0.));
#2766=DIRECTION('center_axis',(0.,0.,-1.));
#2767=DIRECTION('ref_axis',(0.707106781186547,0.707106781186547,0.));
#2768=DIRECTION('center_axis',(0.,-1.,0.));
#2769=DIRECTION('ref_axis',(0.707106781186547,0.,-0.707106781186548));
#2770=DIRECTION('',(0.,-1.,0.));
#2771=DIRECTION('center_axis',(0.,-1.,0.));
#2772=DIRECTION('ref_axis',(0.707106781186547,0.,-0.707106781186548));
#2773=DIRECTION('',(0.,-1.,0.));
#2774=DIRECTION('center_axis',(0.,1.,0.));
#2775=DIRECTION('ref_axis',(1.,0.,0.));
#2776=DIRECTION('center_axis',(0.,0.,-1.));
#2777=DIRECTION('ref_axis',(-1.,0.,0.));
#2778=DIRECTION('center_axis',(1.,-3.46944695195361E-16,0.));
#2779=DIRECTION('ref_axis',(-3.46944695195361E-16,-1.,0.));
#2780=DIRECTION('center_axis',(0.,0.,-1.));
#2781=DIRECTION('ref_axis',(0.707106781186548,-0.707106781186548,0.));
#2782=DIRECTION('center_axis',(-1.,0.,0.));
#2783=DIRECTION('ref_axis',(0.,-0.707106781186548,-0.707106781186547));
#2784=DIRECTION('center_axis',(1.,0.,0.));
#2785=DIRECTION('ref_axis',(0.,-1.,0.));
#2786=DIRECTION('',(-1.,0.,0.));
#2787=DIRECTION('center_axis',(0.,0.,-1.));
#2788=DIRECTION('ref_axis',(-1.,0.,0.));
#2789=DIRECTION('center_axis',(0.,-1.,0.));
#2790=DIRECTION('ref_axis',(-1.,0.,0.));
#2791=DIRECTION('center_axis',(0.,0.,-1.));
#2792=DIRECTION('ref_axis',(-0.707106781186547,-0.707106781186547,0.));
#2793=DIRECTION('center_axis',(0.,1.,0.));
#2794=DIRECTION('ref_axis',(-0.707106781186547,0.,-0.707106781186548));
#2795=DIRECTION('',(0.,1.,0.));
#2796=DIRECTION('center_axis',(0.707106781186547,-0.707106781186548,0.));
#2797=DIRECTION('ref_axis',(-0.707106781186548,-0.707106781186547,0.));
#2798=DIRECTION('center_axis',(-1.,0.,0.));
#2799=DIRECTION('ref_axis',(0.,-0.707106781186547,-0.707106781186548));
#2800=DIRECTION('',(-1.,0.,0.));
#2801=DIRECTION('center_axis',(1.,0.,0.));
#2802=DIRECTION('ref_axis',(0.,-1.,0.));
#2803=DIRECTION('center_axis',(0.,0.,-1.));
#2804=DIRECTION('ref_axis',(-1.,0.,0.));
#2805=DIRECTION('center_axis',(-3.46944695195361E-16,-1.,0.));
#2806=DIRECTION('ref_axis',(-1.,3.46944695195361E-16,0.));
#2807=DIRECTION('center_axis',(0.,0.,-1.));
#2808=DIRECTION('ref_axis',(-0.707106781186548,-0.707106781186548,0.));
#2809=DIRECTION('center_axis',(0.,1.,0.));
#2810=DIRECTION('ref_axis',(-0.707106781186548,0.,-0.707106781186547));
#2811=DIRECTION('center_axis',(0.,-1.,0.));
#2812=DIRECTION('ref_axis',(-1.,0.,0.));
#2813=DIRECTION('',(0.,1.,0.));
#2814=DIRECTION('center_axis',(0.,0.,-1.));
#2815=DIRECTION('ref_axis',(-1.,0.,0.));
#2816=DIRECTION('center_axis',(-1.,0.,0.));
#2817=DIRECTION('ref_axis',(0.,1.,0.));
#2818=DIRECTION('center_axis',(0.,0.,-1.));
#2819=DIRECTION('ref_axis',(-0.707106781186547,0.707106781186547,0.));
#2820=DIRECTION('center_axis',(1.,0.,0.));
#2821=DIRECTION('ref_axis',(0.,0.707106781186547,-0.707106781186548));
#2822=DIRECTION('',(1.,0.,0.));
#2823=DIRECTION('center_axis',(0.,-1.,0.));
#2824=DIRECTION('ref_axis',(1.,0.,0.));
#2825=DIRECTION('',(0.,0.,1.));
#2826=DIRECTION('',(1.,0.,0.));
#2827=DIRECTION('',(0.,0.,1.));
#2828=DIRECTION('center_axis',(0.,0.,1.));
#2829=DIRECTION('ref_axis',(1.,0.,0.));
#2830=DIRECTION('',(0.,0.,1.));
#2831=DIRECTION('center_axis',(0.,0.,1.));
#2832=DIRECTION('ref_axis',(0.707106781186547,-0.707106781186547,0.));
#2833=DIRECTION('center_axis',(1.,0.,0.));
#2834=DIRECTION('ref_axis',(0.,1.,0.));
#2835=DIRECTION('',(0.,0.,1.));
#2836=DIRECTION('',(0.,1.,0.));
#2837=DIRECTION('center_axis',(0.,0.,1.));
#2838=DIRECTION('ref_axis',(0.,1.,0.));
#2839=DIRECTION('',(0.,0.,1.));
#2840=DIRECTION('center_axis',(0.,0.,1.));
#2841=DIRECTION('ref_axis',(0.707106781186548,0.707106781186548,0.));
#2842=DIRECTION('center_axis',(0.,1.,0.));
#2843=DIRECTION('ref_axis',(-1.,0.,0.));
#2844=DIRECTION('',(0.,0.,1.));
#2845=DIRECTION('',(-1.,0.,0.));
#2846=DIRECTION('center_axis',(1.,0.,0.));
#2847=DIRECTION('ref_axis',(0.,1.,0.));
#2848=DIRECTION('',(0.,0.,1.));
#2849=DIRECTION('',(0.,1.,0.));
#2850=DIRECTION('center_axis',(0.,0.,1.));
#2851=DIRECTION('ref_axis',(0.,1.,0.));
#2852=DIRECTION('',(0.,0.,1.));
#2853=DIRECTION('center_axis',(0.,0.,1.));
#2854=DIRECTION('ref_axis',(0.707106781186547,0.707106781186547,0.));
#2855=DIRECTION('center_axis',(0.,1.,0.));
#2856=DIRECTION('ref_axis',(-1.,0.,0.));
#2857=DIRECTION('',(0.,0.,1.));
#2858=DIRECTION('',(-1.,0.,0.));
#2859=DIRECTION('center_axis',(0.,0.,1.));
#2860=DIRECTION('ref_axis',(-1.,0.,0.));
#2861=DIRECTION('',(0.,0.,1.));
#2862=DIRECTION('center_axis',(0.,0.,1.));
#2863=DIRECTION('ref_axis',(-0.707106781186548,0.707106781186548,0.));
#2864=DIRECTION('center_axis',(-1.,0.,0.));
#2865=DIRECTION('ref_axis',(0.,-1.,0.));
#2866=DIRECTION('',(0.,0.,1.));
#2867=DIRECTION('',(0.,-1.,0.));
#2868=DIRECTION('center_axis',(0.,0.,1.));
#2869=DIRECTION('ref_axis',(1.,0.,0.));
#2870=DIRECTION('center_axis',(0.,0.,-1.));
#2871=DIRECTION('ref_axis',(1.,0.,0.));
#2872=DIRECTION('center_axis',(1.22464679914735E-16,-1.,0.));
#2873=DIRECTION('ref_axis',(-1.,-1.22464679914735E-16,0.));
#2874=DIRECTION('center_axis',(0.,0.,1.));
#2875=DIRECTION('ref_axis',(1.,0.,0.));
#2876=DIRECTION('center_axis',(0.,0.,1.));
#2877=DIRECTION('ref_axis',(1.,0.,0.));
#2878=DIRECTION('center_axis',(0.,0.,1.));
#2879=DIRECTION('ref_axis',(1.,0.,0.));
#2880=DIRECTION('center_axis',(0.,0.,1.));
#2881=DIRECTION('ref_axis',(1.,0.,0.));
#2882=DIRECTION('',(0.,0.,1.));
#2883=DIRECTION('center_axis',(0.,0.,1.));
#2884=DIRECTION('ref_axis',(1.,0.,0.));
#2885=DIRECTION('center_axis',(0.,-1.,0.));
#2886=DIRECTION('ref_axis',(-0.707106781186548,0.,0.707106781186548));
#2887=DIRECTION('',(0.,-1.,0.));
#2888=DIRECTION('center_axis',(0.,-1.,0.));
#2889=DIRECTION('ref_axis',(0.,0.,1.));
#2890=DIRECTION('',(0.,1.,0.));
#2891=DIRECTION('center_axis',(-0.707106781186547,-0.707106781186548,0.));
#2892=DIRECTION('ref_axis',(0.707106781186548,-0.707106781186547,0.));
#2893=DIRECTION('center_axis',(0.,0.,-1.));
#2894=DIRECTION('ref_axis',(-1.,0.,0.));
#2895=DIRECTION('center_axis',(-1.,-3.46944695195361E-16,0.));
#2896=DIRECTION('ref_axis',(0.,0.,1.));
#2897=DIRECTION('center_axis',(0.,0.,1.));
#2898=DIRECTION('ref_axis',(0.707106781186548,-0.707106781186548,0.));
#2899=DIRECTION('center_axis',(0.,0.,-1.));
#2900=DIRECTION('ref_axis',(0.707106781186548,-0.707106781186548,0.));
#2901=DIRECTION('center_axis',(-1.,0.,0.));
#2902=DIRECTION('ref_axis',(0.,0.707106781186548,0.707106781186548));
#2903=DIRECTION('center_axis',(-1.,0.,0.));
#2904=DIRECTION('ref_axis',(0.,0.,1.));
#2905=DIRECTION('',(1.,0.,0.));
#2906=DIRECTION('',(-1.,0.,0.));
#2907=DIRECTION('center_axis',(0.,0.,-1.));
#2908=DIRECTION('ref_axis',(-1.,0.,0.));
#2909=DIRECTION('center_axis',(0.,1.,0.));
#2910=DIRECTION('ref_axis',(0.,0.,1.));
#2911=DIRECTION('center_axis',(0.,0.,1.));
#2912=DIRECTION('ref_axis',(-0.707106781186547,-0.707106781186547,0.));
#2913=DIRECTION('center_axis',(0.,0.,-1.));
#2914=DIRECTION('ref_axis',(-0.707106781186548,-0.707106781186548,0.));
#2915=DIRECTION('center_axis',(0.,1.,0.));
#2916=DIRECTION('ref_axis',(0.707106781186548,0.,0.707106781186548));
#2917=DIRECTION('',(0.,-1.,0.));
#2918=DIRECTION('',(0.,1.,0.));
#2919=DIRECTION('center_axis',(-0.707106781186548,0.707106781186547,0.));
#2920=DIRECTION('ref_axis',(-0.707106781186547,-0.707106781186548,0.));
#2921=DIRECTION('center_axis',(-1.,0.,0.));
#2922=DIRECTION('ref_axis',(0.,0.707106781186548,0.707106781186548));
#2923=DIRECTION('',(-1.,0.,0.));
#2924=DIRECTION('center_axis',(-1.,0.,0.));
#2925=DIRECTION('ref_axis',(0.,0.,1.));
#2926=DIRECTION('',(1.,0.,0.));
#2927=DIRECTION('center_axis',(0.,0.,-1.));
#2928=DIRECTION('ref_axis',(-1.,0.,0.));
#2929=DIRECTION('center_axis',(-3.46944695195361E-16,1.,0.));
#2930=DIRECTION('ref_axis',(0.,0.,1.));
#2931=DIRECTION('center_axis',(0.,0.,1.));
#2932=DIRECTION('ref_axis',(-0.707106781186548,-0.707106781186548,0.));
#2933=DIRECTION('center_axis',(0.,0.,-1.));
#2934=DIRECTION('ref_axis',(-0.707106781186548,-0.707106781186548,0.));
#2935=DIRECTION('center_axis',(0.,1.,0.));
#2936=DIRECTION('ref_axis',(0.707106781186548,0.,0.707106781186548));
#2937=DIRECTION('center_axis',(0.,1.,0.));
#2938=DIRECTION('ref_axis',(0.,0.,1.));
#2939=DIRECTION('',(0.,-1.,0.));
#2940=DIRECTION('',(0.,1.,0.));
#2941=DIRECTION('center_axis',(0.,0.,-1.));
#2942=DIRECTION('ref_axis',(-1.,0.,0.));
#2943=DIRECTION('center_axis',(1.,0.,0.));
#2944=DIRECTION('ref_axis',(0.,0.,1.));
#2945=DIRECTION('center_axis',(0.,0.,1.));
#2946=DIRECTION('ref_axis',(-0.707106781186547,0.707106781186547,0.));
#2947=DIRECTION('center_axis',(0.,0.,-1.));
#2948=DIRECTION('ref_axis',(-0.707106781186548,0.707106781186548,0.));
#2949=DIRECTION('center_axis',(1.,0.,0.));
#2950=DIRECTION('ref_axis',(0.,-0.707106781186548,0.707106781186548));
#2951=DIRECTION('',(-1.,0.,0.));
#2952=DIRECTION('',(1.,0.,0.));
#2953=DIRECTION('center_axis',(0.707106781186547,0.707106781186548,0.));
#2954=DIRECTION('ref_axis',(-0.707106781186548,0.707106781186547,0.));
#2955=DIRECTION('center_axis',(0.,1.,0.));
#2956=DIRECTION('ref_axis',(0.707106781186548,0.,0.707106781186548));
#2957=DIRECTION('',(0.,1.,0.));
#2958=DIRECTION('center_axis',(0.,1.,0.));
#2959=DIRECTION('ref_axis',(0.,0.,1.));
#2960=DIRECTION('center_axis',(0.,0.,-1.));
#2961=DIRECTION('ref_axis',(-1.,0.,0.));
#2962=DIRECTION('center_axis',(1.,3.46944695195361E-16,0.));
#2963=DIRECTION('ref_axis',(0.,0.,1.));
#2964=DIRECTION('center_axis',(0.,0.,-1.));
#2965=DIRECTION('ref_axis',(-0.707106781186548,0.707106781186548,0.));
#2966=DIRECTION('center_axis',(1.,0.,0.));
#2967=DIRECTION('ref_axis',(0.,-0.707106781186548,0.707106781186548));
#2968=DIRECTION('center_axis',(1.,0.,0.));
#2969=DIRECTION('ref_axis',(0.,0.,1.));
#2970=DIRECTION('',(1.,0.,0.));
#2971=DIRECTION('center_axis',(0.,0.,-1.));
#2972=DIRECTION('ref_axis',(-1.,0.,0.));
#2973=DIRECTION('center_axis',(0.,-1.,0.));
#2974=DIRECTION('ref_axis',(0.,0.,1.));
#2975=DIRECTION('center_axis',(0.,0.,-1.));
#2976=DIRECTION('ref_axis',(0.707106781186548,0.707106781186548,0.));
#2977=DIRECTION('center_axis',(0.,-1.,0.));
#2978=DIRECTION('ref_axis',(-0.707106781186548,0.,0.707106781186548));
#2979=DIRECTION('',(0.,-1.,0.));
#2980=DIRECTION('center_axis',(0.707106781186548,-0.707106781186547,0.));
#2981=DIRECTION('ref_axis',(0.707106781186547,0.707106781186548,0.));
#2982=DIRECTION('center_axis',(1.,0.,0.));
#2983=DIRECTION('ref_axis',(0.,-0.707106781186548,0.707106781186548));
#2984=DIRECTION('',(1.,0.,0.));
#2985=DIRECTION('center_axis',(1.,0.,0.));
#2986=DIRECTION('ref_axis',(0.,0.,1.));
#2987=DIRECTION('center_axis',(0.,0.,-1.));
#2988=DIRECTION('ref_axis',(-1.,0.,0.));
#2989=DIRECTION('center_axis',(6.93889390390722E-16,-1.,0.));
#2990=DIRECTION('ref_axis',(0.,0.,1.));
#2991=DIRECTION('center_axis',(0.,0.,-1.));
#2992=DIRECTION('ref_axis',(0.707106781186547,0.707106781186548,0.));
#2993=DIRECTION('center_axis',(0.,-1.,0.));
#2994=DIRECTION('ref_axis',(-0.707106781186548,0.,0.707106781186548));
#2995=DIRECTION('center_axis',(0.,-1.,0.));
#2996=DIRECTION('ref_axis',(0.,0.,1.));
#2997=DIRECTION('',(0.,-1.,0.));
#2998=DIRECTION('center_axis',(0.,0.,-1.));
#2999=DIRECTION('ref_axis',(-1.,0.,0.));
#3000=DIRECTION('center_axis',(-1.,0.,0.));
#3001=DIRECTION('ref_axis',(0.,0.,1.));
#3002=DIRECTION('center_axis',(0.,0.,-1.));
#3003=DIRECTION('ref_axis',(0.707106781186548,-0.707106781186548,0.));
#3004=DIRECTION('center_axis',(-1.,0.,0.));
#3005=DIRECTION('ref_axis',(0.,0.707106781186548,0.707106781186548));
#3006=DIRECTION('',(-1.,0.,0.));
#3007=DIRECTION('center_axis',(1.,0.,0.));
#3008=DIRECTION('ref_axis',(0.,1.,0.));
#3009=DIRECTION('',(0.,0.,1.));
#3010=DIRECTION('center_axis',(0.,0.,1.));
#3011=DIRECTION('ref_axis',(1.,0.,0.));
#3012=DIRECTION('center_axis',(0.,0.,-1.));
#3013=DIRECTION('ref_axis',(1.,0.,0.));
#3014=DIRECTION('center_axis',(0.,0.,1.));
#3015=DIRECTION('ref_axis',(1.,0.,0.));
#3016=DIRECTION('center_axis',(0.,0.,-1.));
#3017=DIRECTION('ref_axis',(1.,0.,0.));
#3018=DIRECTION('center_axis',(1.22464679914735E-16,-1.,0.));
#3019=DIRECTION('ref_axis',(-1.,-1.22464679914735E-16,0.));
#3020=DIRECTION('center_axis',(0.,0.,1.));
#3021=DIRECTION('ref_axis',(1.,0.,0.));
#3022=DIRECTION('center_axis',(0.,0.,1.));
#3023=DIRECTION('ref_axis',(1.,0.,0.));
#3024=DIRECTION('',(0.,0.,-1.));
#3025=DIRECTION('center_axis',(0.,-1.,0.));
#3026=DIRECTION('ref_axis',(0.707106781186548,0.,0.707106781186548));
#3027=DIRECTION('center_axis',(0.,1.,0.));
#3028=DIRECTION('ref_axis',(0.,0.,1.));
#3029=DIRECTION('center_axis',(0.,-1.,0.));
#3030=DIRECTION('ref_axis',(1.,0.,0.));
#3031=DIRECTION('',(0.,1.,0.));
#3032=DIRECTION('center_axis',(-1.,0.,0.));
#3033=DIRECTION('ref_axis',(0.,-0.707106781186547,0.707106781186548));
#3034=DIRECTION('center_axis',(1.,0.,0.));
#3035=DIRECTION('ref_axis',(0.,0.,1.));
#3036=DIRECTION('center_axis',(-1.,0.,0.));
#3037=DIRECTION('ref_axis',(0.,-1.,0.));
#3038=DIRECTION('',(1.,0.,0.));
#3039=DIRECTION('center_axis',(0.,0.,-1.));
#3040=DIRECTION('ref_axis',(-1.,0.,0.));
#3041=DIRECTION('center_axis',(0.,-1.,0.));
#3042=DIRECTION('ref_axis',(1.,0.,0.));
#3043=DIRECTION('center_axis',(0.,0.,-1.));
#3044=DIRECTION('ref_axis',(-0.707106781186548,0.707106781186547,0.));
#3045=DIRECTION('center_axis',(0.,-1.,0.));
#3046=DIRECTION('ref_axis',(0.707106781186547,0.,0.707106781186548));
#3047=DIRECTION('center_axis',(0.,-1.,0.));
#3048=DIRECTION('ref_axis',(1.,0.,0.));
#3049=DIRECTION('',(0.,1.,0.));
#3050=DIRECTION('center_axis',(-0.408248290463863,-0.816496580927726,-0.408248290463864));
#3051=DIRECTION('ref_axis',(0.577350269189626,-0.577350269189625,0.577350269189627));
#3052=DIRECTION('center_axis',(-1.,0.,0.));
#3053=DIRECTION('ref_axis',(0.,-0.707106781186548,0.707106781186548));
#3054=DIRECTION('center_axis',(1.,0.,0.));
#3055=DIRECTION('ref_axis',(0.,0.,1.));
#3056=DIRECTION('center_axis',(-1.,0.,0.));
#3057=DIRECTION('ref_axis',(0.,-1.,0.));
#3058=DIRECTION('',(1.,0.,0.));
#3059=DIRECTION('center_axis',(-0.408248290463863,-0.816496580927726,-0.408248290463864));
#3060=DIRECTION('ref_axis',(0.577350269189625,-0.577350269189626,0.577350269189627));
#3061=DIRECTION('center_axis',(0.,1.,0.));
#3062=DIRECTION('ref_axis',(-0.707106781186547,0.,0.707106781186548));
#3063=DIRECTION('center_axis',(0.,-1.,0.));
#3064=DIRECTION('ref_axis',(0.,0.,1.));
#3065=DIRECTION('center_axis',(0.,1.,0.));
#3066=DIRECTION('ref_axis',(-1.,0.,0.));
#3067=DIRECTION('',(0.,-1.,0.));
#3068=DIRECTION('center_axis',(0.,0.,-1.));
#3069=DIRECTION('ref_axis',(-1.,0.,0.));
#3070=DIRECTION('center_axis',(-1.,0.,0.));
#3071=DIRECTION('ref_axis',(0.,-1.,0.));
#3072=DIRECTION('center_axis',(0.,0.,-1.));
#3073=DIRECTION('ref_axis',(0.707106781186547,0.707106781186548,0.));
#3074=DIRECTION('center_axis',(-1.,0.,0.));
#3075=DIRECTION('ref_axis',(0.,-0.707106781186547,0.707106781186548));
#3076=DIRECTION('center_axis',(-1.,0.,0.));
#3077=DIRECTION('ref_axis',(0.,-1.,0.));
#3078=DIRECTION('',(1.,0.,0.));
#3079=DIRECTION('center_axis',(0.408248290463863,-0.816496580927726,-0.408248290463864));
#3080=DIRECTION('ref_axis',(-0.577350269189625,-0.577350269189626,0.577350269189627));
#3081=DIRECTION('center_axis',(0.,1.,0.));
#3082=DIRECTION('ref_axis',(-0.707106781186548,0.,0.707106781186548));
#3083=DIRECTION('center_axis',(0.,-1.,0.));
#3084=DIRECTION('ref_axis',(0.,0.,1.));
#3085=DIRECTION('',(0.,1.,0.));
#3086=DIRECTION('center_axis',(0.,1.,0.));
#3087=DIRECTION('ref_axis',(-1.,0.,0.));
#3088=DIRECTION('',(0.,-1.,0.));
#3089=DIRECTION('center_axis',(0.408248290463863,-0.816496580927726,-0.408248290463864));
#3090=DIRECTION('ref_axis',(-0.577350269189626,-0.577350269189625,0.577350269189627));
#3091=DIRECTION('center_axis',(0.,0.,-1.));
#3092=DIRECTION('ref_axis',(-0.707106781186548,-0.707106781186547,0.));
#3093=DIRECTION('center_axis',(1.,0.,0.));
#3094=DIRECTION('ref_axis',(0.,0.707106781186547,0.707106781186548));
#3095=DIRECTION('center_axis',(-1.,0.,0.));
#3096=DIRECTION('ref_axis',(0.,0.,1.));
#3097=DIRECTION('',(1.,0.,0.));
#3098=DIRECTION('center_axis',(1.,0.,0.));
#3099=DIRECTION('ref_axis',(0.,1.,0.));
#3100=DIRECTION('',(-1.,0.,0.));
#3101=DIRECTION('center_axis',(0.,0.,-1.));
#3102=DIRECTION('ref_axis',(-1.,0.,0.));
#3103=DIRECTION('center_axis',(0.,1.,0.));
#3104=DIRECTION('ref_axis',(-1.,0.,0.));
#3105=DIRECTION('center_axis',(0.,0.,-1.));
#3106=DIRECTION('ref_axis',(0.707106781186548,-0.707106781186547,0.));
#3107=DIRECTION('center_axis',(0.,0.,1.));
#3108=DIRECTION('ref_axis',(0.707106781186548,-0.707106781186547,0.));
#3109=DIRECTION('center_axis',(0.,1.,0.));
#3110=DIRECTION('ref_axis',(-0.707106781186547,0.,0.707106781186548));
#3111=DIRECTION('center_axis',(0.,1.,0.));
#3112=DIRECTION('ref_axis',(-1.,0.,0.));
#3113=DIRECTION('',(0.,-1.,0.));
#3114=DIRECTION('',(0.,1.,0.));
#3115=DIRECTION('center_axis',(-0.408248290463863,-0.816496580927726,0.408248290463864));
#3116=DIRECTION('ref_axis',(-0.577350269189626,0.577350269189625,0.577350269189627));
#3117=DIRECTION('center_axis',(0.,0.,-1.));
#3118=DIRECTION('ref_axis',(-0.707106781186548,0.707106781186547,0.));
#3119=DIRECTION('center_axis',(1.,0.,0.));
#3120=DIRECTION('ref_axis',(0.,0.707106781186548,0.707106781186548));
#3121=DIRECTION('center_axis',(-1.,0.,0.));
#3122=DIRECTION('ref_axis',(0.,0.,1.));
#3123=DIRECTION('',(1.,0.,0.));
#3124=DIRECTION('center_axis',(1.,0.,0.));
#3125=DIRECTION('ref_axis',(0.,1.,0.));
#3126=DIRECTION('',(-1.,0.,0.));
#3127=DIRECTION('center_axis',(-0.408248290463863,-0.816496580927726,0.408248290463864));
#3128=DIRECTION('ref_axis',(-0.577350269189625,0.577350269189626,0.577350269189627));
#3129=DIRECTION('center_axis',(0.,0.,-1.));
#3130=DIRECTION('ref_axis',(-0.707106781186547,0.707106781186548,0.));
#3131=DIRECTION('center_axis',(0.,-1.,0.));
#3132=DIRECTION('ref_axis',(0.707106781186547,0.,0.707106781186548));
#3133=DIRECTION('center_axis',(0.,1.,0.));
#3134=DIRECTION('ref_axis',(0.,0.,1.));
#3135=DIRECTION('',(0.,-1.,0.));
#3136=DIRECTION('center_axis',(0.,-1.,0.));
#3137=DIRECTION('ref_axis',(1.,0.,0.));
#3138=DIRECTION('',(0.,1.,0.));
#3139=DIRECTION('center_axis',(0.,0.,-1.));
#3140=DIRECTION('ref_axis',(-1.,0.,0.));
#3141=DIRECTION('center_axis',(1.,0.,0.));
#3142=DIRECTION('ref_axis',(0.,1.,0.));
#3143=DIRECTION('center_axis',(0.,0.,-1.));
#3144=DIRECTION('ref_axis',(-0.707106781186547,-0.707106781186548,0.));
#3145=DIRECTION('center_axis',(0.,0.,1.));
#3146=DIRECTION('ref_axis',(-0.707106781186547,-0.707106781186548,0.));
#3147=DIRECTION('center_axis',(1.,0.,0.));
#3148=DIRECTION('ref_axis',(0.,0.707106781186547,0.707106781186548));
#3149=DIRECTION('center_axis',(1.,0.,0.));
#3150=DIRECTION('ref_axis',(0.,1.,0.));
#3151=DIRECTION('',(-1.,0.,0.));
#3152=DIRECTION('',(1.,0.,0.));
#3153=DIRECTION('center_axis',(0.408248290463863,-0.816496580927726,0.408248290463864));
#3154=DIRECTION('ref_axis',(0.577350269189625,0.577350269189626,0.577350269189627));
#3155=DIRECTION('center_axis',(0.,0.,-1.));
#3156=DIRECTION('ref_axis',(0.707106781186547,0.707106781186548,0.));
#3157=DIRECTION('center_axis',(0.408248290463863,-0.816496580927726,0.408248290463864));
#3158=DIRECTION('ref_axis',(0.577350269189626,0.577350269189625,0.577350269189627));
#3159=DIRECTION('center_axis',(0.,1.,0.));
#3160=DIRECTION('ref_axis',(-1.,0.,0.));
#3161=DIRECTION('',(0.,0.,1.));
#3162=DIRECTION('center_axis',(0.,0.,1.));
#3163=DIRECTION('ref_axis',(-0.707106781186548,-0.707106781186547,0.));
#3164=DIRECTION('',(0.,0.,-1.));
#3165=DIRECTION('center_axis',(1.,0.,0.));
#3166=DIRECTION('ref_axis',(0.,1.,0.));
#3167=DIRECTION('',(0.,0.,1.));
#3168=DIRECTION('center_axis',(0.,0.,1.));
#3169=DIRECTION('ref_axis',(1.,0.,0.));
#3170=DIRECTION('center_axis',(0.,1.,0.));
#3171=DIRECTION('ref_axis',(-1.,0.,0.));
#3172=DIRECTION('',(0.,0.,1.));
#3173=DIRECTION('center_axis',(0.,0.,1.));
#3174=DIRECTION('ref_axis',(1.,0.,0.));
#3175=DIRECTION('',(0.,0.,1.));
#3176=DIRECTION('center_axis',(0.,-1.,0.));
#3177=DIRECTION('ref_axis',(1.,0.,0.));
#3178=DIRECTION('',(0.,0.,1.));
#3179=DIRECTION('center_axis',(0.,0.,1.));
#3180=DIRECTION('ref_axis',(0.,-1.,0.));
#3181=DIRECTION('',(0.,0.,1.));
#3182=DIRECTION('center_axis',(-1.,0.,0.));
#3183=DIRECTION('ref_axis',(0.,-1.,0.));
#3184=DIRECTION('',(0.,0.,1.));
#3185=DIRECTION('center_axis',(0.,-1.,0.));
#3186=DIRECTION('ref_axis',(1.,0.,0.));
#3187=DIRECTION('',(0.,0.,1.));
#3188=DIRECTION('center_axis',(0.,0.,1.));
#3189=DIRECTION('ref_axis',(0.,-1.,0.));
#3190=DIRECTION('',(0.,0.,1.));
#3191=DIRECTION('center_axis',(-1.,0.,0.));
#3192=DIRECTION('ref_axis',(0.,-1.,0.));
#3193=DIRECTION('',(0.,0.,1.));
#3194=DIRECTION('center_axis',(0.,0.,1.));
#3195=DIRECTION('ref_axis',(-1.,0.,0.));
#3196=DIRECTION('center_axis',(0.,0.,-1.));
#3197=DIRECTION('ref_axis',(1.,0.,0.));
#3198=DIRECTION('center_axis',(0.,0.,1.));
#3199=DIRECTION('ref_axis',(1.,0.,0.));
#3200=DIRECTION('center_axis',(0.,0.,1.));
#3201=DIRECTION('ref_axis',(0.707106781186547,0.707106781186548,0.));
#3202=DIRECTION('',(0.,0.,-1.));
#3203=DIRECTION('center_axis',(0.,0.,1.));
#3204=DIRECTION('ref_axis',(-0.707106781186547,0.707106781186548,0.));
#3205=DIRECTION('',(0.,0.,1.));
#3206=DIRECTION('',(0.,0.,-1.));
#3207=DIRECTION('center_axis',(0.,1.,0.));
#3208=DIRECTION('ref_axis',(-1.,0.,0.));
#3209=DIRECTION('center_axis',(0.,0.,1.));
#3210=DIRECTION('ref_axis',(0.707106781186547,-0.707106781186548,0.));
#3211=DIRECTION('',(0.,0.,1.));
#3212=DIRECTION('',(0.,0.,-1.));
#3213=DIRECTION('center_axis',(0.,1.,0.));
#3214=DIRECTION('ref_axis',(-1.,0.,0.));
#3215=DIRECTION('',(0.,0.,1.));
#3216=DIRECTION('center_axis',(0.,0.,1.));
#3217=DIRECTION('ref_axis',(-0.707106781186548,0.707106781186547,0.));
#3218=DIRECTION('',(0.,0.,-1.));
#3219=DIRECTION('center_axis',(0.,0.,1.));
#3220=DIRECTION('ref_axis',(-0.707106781186548,-0.707106781186547,0.));
#3221=DIRECTION('',(0.,0.,1.));
#3222=DIRECTION('center_axis',(-1.,0.,0.));
#3223=DIRECTION('ref_axis',(0.,-1.,0.));
#3224=DIRECTION('center_axis',(-1.,0.,0.));
#3225=DIRECTION('ref_axis',(0.,-1.,0.));
#3226=CARTESIAN_POINT('',(0.,0.,0.));
#3227=CARTESIAN_POINT('Origin',(-0.85,1.,0.2));
#3228=CARTESIAN_POINT('',(-0.85,1.8,0.));
#3229=CARTESIAN_POINT('',(-0.65,1.8,0.2));
#3230=CARTESIAN_POINT('Origin',(-0.85,1.8,0.2));
#3231=CARTESIAN_POINT('',(-0.65,0.85,0.2));
#3232=CARTESIAN_POINT('',(-0.65,1.,0.2));
#3233=CARTESIAN_POINT('',(-0.85,0.85,0.));
#3234=CARTESIAN_POINT('Origin',(-0.85,0.85,0.2));
#3235=CARTESIAN_POINT('',(-0.85,1.,0.));
#3236=CARTESIAN_POINT('Origin',(-0.45,1.8,0.2));
#3237=CARTESIAN_POINT('',(-0.45,2.2,0.));
#3238=CARTESIAN_POINT('',(-0.45,2.,0.2));
#3239=CARTESIAN_POINT('Origin',(-0.45,2.2,0.2));
#3240=CARTESIAN_POINT('Origin',(-0.45,1.8,0.2));
#3241=CARTESIAN_POINT('Origin',(-0.45,1.8,0.));
#3242=CARTESIAN_POINT('Origin',(0.325,2.2,0.2));
#3243=CARTESIAN_POINT('',(0.45,2.2,0.));
#3244=CARTESIAN_POINT('',(0.45,2.,0.2));
#3245=CARTESIAN_POINT('Origin',(0.45,2.2,0.2));
#3246=CARTESIAN_POINT('',(0.325,2.,0.2));
#3247=CARTESIAN_POINT('',(0.325,2.2,0.));
#3248=CARTESIAN_POINT('Origin',(0.45,1.8,0.2));
#3249=CARTESIAN_POINT('',(0.85,1.8,0.));
#3250=CARTESIAN_POINT('',(0.65,1.8,0.2));
#3251=CARTESIAN_POINT('Origin',(0.85,1.8,0.2));
#3252=CARTESIAN_POINT('Origin',(0.45,1.8,0.2));
#3253=CARTESIAN_POINT('Origin',(0.45,1.8,0.));
#3254=CARTESIAN_POINT('Origin',(0.85,0.325,0.2));
#3255=CARTESIAN_POINT('',(0.85,0.85,0.));
#3256=CARTESIAN_POINT('',(0.65,0.85,0.2));
#3257=CARTESIAN_POINT('Origin',(0.85,0.85,0.2));
#3258=CARTESIAN_POINT('',(0.65,0.325,0.2));
#3259=CARTESIAN_POINT('',(0.85,0.325,0.));
#3260=CARTESIAN_POINT('Origin',(1.,0.85,0.2));
#3261=CARTESIAN_POINT('',(1.8,0.85,0.));
#3262=CARTESIAN_POINT('',(1.8,0.65,0.2));
#3263=CARTESIAN_POINT('Origin',(1.8,0.85,0.2));
#3264=CARTESIAN_POINT('',(0.85,0.65,0.2));
#3265=CARTESIAN_POINT('',(1.,0.65,0.2));
#3266=CARTESIAN_POINT('Origin',(0.85,0.85,0.2));
#3267=CARTESIAN_POINT('',(1.,0.85,0.));
#3268=CARTESIAN_POINT('Origin',(1.8,0.45,0.2));
#3269=CARTESIAN_POINT('',(2.2,0.45,0.));
#3270=CARTESIAN_POINT('',(2.,0.45,0.2));
#3271=CARTESIAN_POINT('Origin',(2.2,0.45,0.2));
#3272=CARTESIAN_POINT('Origin',(1.8,0.45,0.2));
#3273=CARTESIAN_POINT('Origin',(1.8,0.45,0.));
#3274=CARTESIAN_POINT('Origin',(2.2,-0.325,0.2));
#3275=CARTESIAN_POINT('',(2.2,-0.45,0.));
#3276=CARTESIAN_POINT('',(2.,-0.45,0.2));
#3277=CARTESIAN_POINT('Origin',(2.2,-0.45,0.2));
#3278=CARTESIAN_POINT('',(2.,-0.325,0.2));
#3279=CARTESIAN_POINT('',(2.2,-0.325,0.));
#3280=CARTESIAN_POINT('Origin',(1.8,-0.45,0.2));
#3281=CARTESIAN_POINT('',(1.8,-0.85,0.));
#3282=CARTESIAN_POINT('',(1.8,-0.65,0.2));
#3283=CARTESIAN_POINT('Origin',(1.8,-0.85,0.2));
#3284=CARTESIAN_POINT('Origin',(1.8,-0.45,0.2));
#3285=CARTESIAN_POINT('Origin',(1.8,-0.45,0.));
#3286=CARTESIAN_POINT('Origin',(0.325,-0.85,0.2));
#3287=CARTESIAN_POINT('',(0.85,-0.85,0.));
#3288=CARTESIAN_POINT('',(0.85,-0.65,0.2));
#3289=CARTESIAN_POINT('Origin',(0.85,-0.85,0.2));
#3290=CARTESIAN_POINT('',(0.325,-0.65,0.2));
#3291=CARTESIAN_POINT('',(0.325,-0.85,0.));
#3292=CARTESIAN_POINT('Origin',(0.85,0.85,0.2));
#3293=CARTESIAN_POINT('Origin',(0.85,0.85,0.2));
#3294=CARTESIAN_POINT('Origin',(0.85,-1.,0.2));
#3295=CARTESIAN_POINT('',(0.85,-1.8,0.));
#3296=CARTESIAN_POINT('',(0.65,-1.8,0.2));
#3297=CARTESIAN_POINT('Origin',(0.85,-1.8,0.2));
#3298=CARTESIAN_POINT('',(0.65,-0.85,0.2));
#3299=CARTESIAN_POINT('',(0.65,-1.,0.2));
#3300=CARTESIAN_POINT('Origin',(0.85,-0.85,0.2));
#3301=CARTESIAN_POINT('',(0.85,-1.,0.));
#3302=CARTESIAN_POINT('Origin',(0.45,-1.8,0.2));
#3303=CARTESIAN_POINT('',(0.45,-2.2,0.));
#3304=CARTESIAN_POINT('',(0.45,-2.,0.2));
#3305=CARTESIAN_POINT('Origin',(0.45,-2.2,0.2));
#3306=CARTESIAN_POINT('Origin',(0.45,-1.8,0.2));
#3307=CARTESIAN_POINT('Origin',(0.45,-1.8,0.));
#3308=CARTESIAN_POINT('Origin',(-0.325,-2.2,0.2));
#3309=CARTESIAN_POINT('',(-0.45,-2.2,0.));
#3310=CARTESIAN_POINT('',(-0.45,-2.,0.2));
#3311=CARTESIAN_POINT('Origin',(-0.45,-2.2,0.2));
#3312=CARTESIAN_POINT('',(-0.325,-2.,0.2));
#3313=CARTESIAN_POINT('',(-0.325,-2.2,0.));
#3314=CARTESIAN_POINT('Origin',(-0.45,-1.8,0.2));
#3315=CARTESIAN_POINT('',(-0.85,-1.8,0.));
#3316=CARTESIAN_POINT('',(-0.65,-1.8,0.2));
#3317=CARTESIAN_POINT('Origin',(-0.85,-1.8,0.2));
#3318=CARTESIAN_POINT('Origin',(-0.45,-1.8,0.2));
#3319=CARTESIAN_POINT('Origin',(-0.45,-1.8,0.));
#3320=CARTESIAN_POINT('Origin',(-0.85,-0.325,0.2));
#3321=CARTESIAN_POINT('',(-0.85,-0.85,0.));
#3322=CARTESIAN_POINT('',(-0.65,-0.85,0.2));
#3323=CARTESIAN_POINT('Origin',(-0.85,-0.85,0.2));
#3324=CARTESIAN_POINT('',(-0.65,-0.325,0.2));
#3325=CARTESIAN_POINT('',(-0.85,-0.325,0.));
#3326=CARTESIAN_POINT('Origin',(0.85,-0.85,0.2));
#3327=CARTESIAN_POINT('Origin',(0.85,-0.85,0.2));
#3328=CARTESIAN_POINT('Origin',(-1.,-0.85,0.2));
#3329=CARTESIAN_POINT('',(-1.8,-0.85,0.));
#3330=CARTESIAN_POINT('',(-1.8,-0.65,0.2));
#3331=CARTESIAN_POINT('Origin',(-1.8,-0.85,0.2));
#3332=CARTESIAN_POINT('',(-0.85,-0.65,0.2));
#3333=CARTESIAN_POINT('',(-1.,-0.65,0.2));
#3334=CARTESIAN_POINT('Origin',(-0.85,-0.85,0.2));
#3335=CARTESIAN_POINT('',(-1.,-0.85,0.));
#3336=CARTESIAN_POINT('Origin',(-1.8,-0.45,0.2));
#3337=CARTESIAN_POINT('',(-2.2,-0.45,0.));
#3338=CARTESIAN_POINT('',(-2.,-0.45,0.2));
#3339=CARTESIAN_POINT('Origin',(-2.2,-0.45,0.2));
#3340=CARTESIAN_POINT('Origin',(-1.8,-0.45,0.2));
#3341=CARTESIAN_POINT('Origin',(-1.8,-0.45,0.));
#3342=CARTESIAN_POINT('Origin',(-2.2,0.325,0.2));
#3343=CARTESIAN_POINT('',(-2.2,0.45,0.));
#3344=CARTESIAN_POINT('',(-2.,0.45,0.2));
#3345=CARTESIAN_POINT('Origin',(-2.2,0.45,0.2));
#3346=CARTESIAN_POINT('',(-2.,0.325,0.2));
#3347=CARTESIAN_POINT('',(-2.2,0.325,0.));
#3348=CARTESIAN_POINT('Origin',(-1.8,0.45,0.2));
#3349=CARTESIAN_POINT('',(-1.8,0.85,0.));
#3350=CARTESIAN_POINT('',(-1.8,0.65,0.2));
#3351=CARTESIAN_POINT('Origin',(-1.8,0.85,0.2));
#3352=CARTESIAN_POINT('Origin',(-1.8,0.45,0.2));
#3353=CARTESIAN_POINT('Origin',(-1.8,0.45,0.));
#3354=CARTESIAN_POINT('Origin',(-0.325,0.85,0.2));
#3355=CARTESIAN_POINT('',(-0.85,0.65,0.2));
#3356=CARTESIAN_POINT('Origin',(-0.85,0.85,0.2));
#3357=CARTESIAN_POINT('',(-0.325,0.65,0.2));
#3358=CARTESIAN_POINT('',(-0.325,0.85,0.));
#3359=CARTESIAN_POINT('Origin',(-0.85,-0.85,0.2));
#3360=CARTESIAN_POINT('Origin',(-0.85,-0.85,0.2));
#3361=CARTESIAN_POINT('Origin',(-0.85,0.85,0.2));
#3362=CARTESIAN_POINT('Origin',(-0.85,0.85,0.2));
#3363=CARTESIAN_POINT('Origin',(1.8,0.45,0.));
#3364=CARTESIAN_POINT('',(2.,0.45,4.8));
#3365=CARTESIAN_POINT('',(2.,0.45,0.));
#3366=CARTESIAN_POINT('',(1.8,0.65,4.8));
#3367=CARTESIAN_POINT('Origin',(1.8,0.45,4.8));
#3368=CARTESIAN_POINT('',(1.8,0.65,0.));
#3369=CARTESIAN_POINT('Origin',(2.,-0.65,0.));
#3370=CARTESIAN_POINT('',(2.,-0.45,4.8));
#3371=CARTESIAN_POINT('',(2.,-0.45,0.));
#3372=CARTESIAN_POINT('',(2.,-0.325,4.8));
#3373=CARTESIAN_POINT('Origin',(1.8,-0.45,0.));
#3374=CARTESIAN_POINT('',(1.8,-0.65,4.8));
#3375=CARTESIAN_POINT('',(1.8,-0.65,0.));
#3376=CARTESIAN_POINT('Origin',(1.8,-0.45,4.8));
#3377=CARTESIAN_POINT('Origin',(0.65,-0.65,0.));
#3378=CARTESIAN_POINT('',(0.85,-0.65,4.8));
#3379=CARTESIAN_POINT('',(0.85,-0.65,0.));
#3380=CARTESIAN_POINT('',(0.325,-0.65,4.8));
#3381=CARTESIAN_POINT('Origin',(0.85,-0.85,0.));
#3382=CARTESIAN_POINT('',(0.65,-0.85,4.8));
#3383=CARTESIAN_POINT('',(0.65,-0.85,0.));
#3384=CARTESIAN_POINT('Origin',(0.85,-0.85,4.8));
#3385=CARTESIAN_POINT('Origin',(0.65,-2.,0.));
#3386=CARTESIAN_POINT('',(0.65,-1.8,4.8));
#3387=CARTESIAN_POINT('',(0.65,-1.8,0.));
#3388=CARTESIAN_POINT('',(0.65,-1.,4.8));
#3389=CARTESIAN_POINT('Origin',(0.45,-1.8,0.));
#3390=CARTESIAN_POINT('',(0.45,-2.,4.8));
#3391=CARTESIAN_POINT('',(0.45,-2.,0.));
#3392=CARTESIAN_POINT('Origin',(0.45,-1.8,4.8));
#3393=CARTESIAN_POINT('Origin',(-0.65,-2.,0.));
#3394=CARTESIAN_POINT('',(-0.45,-2.,4.8));
#3395=CARTESIAN_POINT('',(-0.45,-2.,0.));
#3396=CARTESIAN_POINT('',(-0.325,-2.,4.8));
#3397=CARTESIAN_POINT('Origin',(-0.45,-1.8,0.));
#3398=CARTESIAN_POINT('',(-0.65,-1.8,4.8));
#3399=CARTESIAN_POINT('',(-0.65,-1.8,0.));
#3400=CARTESIAN_POINT('Origin',(-0.45,-1.8,4.8));
#3401=CARTESIAN_POINT('Origin',(-0.65,-0.65,0.));
#3402=CARTESIAN_POINT('',(-0.65,-0.85,4.8));
#3403=CARTESIAN_POINT('',(-0.65,-0.85,0.));
#3404=CARTESIAN_POINT('',(-0.65,-0.325,4.8));
#3405=CARTESIAN_POINT('Origin',(-0.85,-0.85,0.));
#3406=CARTESIAN_POINT('',(-0.85,-0.65,4.8));
#3407=CARTESIAN_POINT('',(-0.85,-0.65,0.));
#3408=CARTESIAN_POINT('Origin',(-0.85,-0.85,4.8));
#3409=CARTESIAN_POINT('Origin',(-2.,-0.65,0.));
#3410=CARTESIAN_POINT('',(-1.8,-0.65,4.8));
#3411=CARTESIAN_POINT('',(-1.8,-0.65,0.));
#3412=CARTESIAN_POINT('',(-1.,-0.65,4.8));
#3413=CARTESIAN_POINT('Origin',(0.,0.,0.));
#3414=CARTESIAN_POINT('',(-1.1,1.8,0.));
#3415=CARTESIAN_POINT('',(-1.1,1.1,0.));
#3416=CARTESIAN_POINT('',(-1.1,0.9,0.));
#3417=CARTESIAN_POINT('',(-0.45,2.45,0.));
#3418=CARTESIAN_POINT('Origin',(-0.45,1.8,0.));
#3419=CARTESIAN_POINT('',(0.45,2.45,0.));
#3420=CARTESIAN_POINT('',(0.225,2.45,0.));
#3421=CARTESIAN_POINT('',(1.1,1.8,0.));
#3422=CARTESIAN_POINT('Origin',(0.45,1.8,0.));
#3423=CARTESIAN_POINT('',(1.1,1.1,0.));
#3424=CARTESIAN_POINT('',(1.1,0.775,0.));
#3425=CARTESIAN_POINT('',(1.8,1.1,0.));
#3426=CARTESIAN_POINT('',(0.9,1.1,0.));
#3427=CARTESIAN_POINT('',(2.45,0.45,0.));
#3428=CARTESIAN_POINT('Origin',(1.8,0.45,0.));
#3429=CARTESIAN_POINT('',(2.45,-0.45,0.));
#3430=CARTESIAN_POINT('',(2.45,-0.225,0.));
#3431=CARTESIAN_POINT('',(1.8,-1.1,0.));
#3432=CARTESIAN_POINT('Origin',(1.8,-0.45,0.));
#3433=CARTESIAN_POINT('',(1.1,-1.1,0.));
#3434=CARTESIAN_POINT('',(0.775,-1.1,0.));
#3435=CARTESIAN_POINT('',(1.1,-1.8,0.));
#3436=CARTESIAN_POINT('',(1.1,-0.9,0.));
#3437=CARTESIAN_POINT('',(0.45,-2.45,0.));
#3438=CARTESIAN_POINT('Origin',(0.45,-1.8,0.));
#3439=CARTESIAN_POINT('',(-0.45,-2.45,0.));
#3440=CARTESIAN_POINT('',(-0.225,-2.45,0.));
#3441=CARTESIAN_POINT('',(-1.1,-1.8,0.));
#3442=CARTESIAN_POINT('Origin',(-0.45,-1.8,0.));
#3443=CARTESIAN_POINT('',(-1.1,-1.1,0.));
#3444=CARTESIAN_POINT('',(-1.1,-0.775,0.));
#3445=CARTESIAN_POINT('',(-1.8,-1.1,0.));
#3446=CARTESIAN_POINT('',(-0.9,-1.1,0.));
#3447=CARTESIAN_POINT('',(-2.45,-0.45,0.));
#3448=CARTESIAN_POINT('Origin',(-1.8,-0.45,0.));
#3449=CARTESIAN_POINT('',(-2.45,0.45,0.));
#3450=CARTESIAN_POINT('',(-2.45,0.225,0.));
#3451=CARTESIAN_POINT('',(-1.8,1.1,0.));
#3452=CARTESIAN_POINT('Origin',(-1.8,0.45,0.));
#3453=CARTESIAN_POINT('',(-0.775,1.1,0.));
#3454=CARTESIAN_POINT('Origin',(0.9,1.1,0.2));
#3455=CARTESIAN_POINT('',(1.3,1.3,0.2));
#3456=CARTESIAN_POINT('',(1.8,1.3,0.2));
#3457=CARTESIAN_POINT('',(0.9,1.3,0.2));
#3458=CARTESIAN_POINT('Origin',(1.8,1.1,0.2));
#3459=CARTESIAN_POINT('Origin',(1.1,1.1,0.2));
#3460=CARTESIAN_POINT('Origin',(1.8,0.45,0.2));
#3461=CARTESIAN_POINT('',(2.65,0.45,0.2));
#3462=CARTESIAN_POINT('Origin',(2.45,0.45,0.2));
#3463=CARTESIAN_POINT('Origin',(1.8,0.45,0.2));
#3464=CARTESIAN_POINT('Origin',(2.45,-0.225,0.2));
#3465=CARTESIAN_POINT('',(2.65,-0.45,0.2));
#3466=CARTESIAN_POINT('Origin',(2.45,-0.45,0.2));
#3467=CARTESIAN_POINT('',(2.65,-0.225,0.2));
#3468=CARTESIAN_POINT('Origin',(1.8,-0.45,0.2));
#3469=CARTESIAN_POINT('',(1.8,-1.3,0.2));
#3470=CARTESIAN_POINT('Origin',(1.8,-1.1,0.2));
#3471=CARTESIAN_POINT('Origin',(1.8,-0.45,0.2));
#3472=CARTESIAN_POINT('Origin',(0.775,-1.1,0.2));
#3473=CARTESIAN_POINT('',(1.3,-1.3,0.2));
#3474=CARTESIAN_POINT('',(0.775,-1.3,0.2));
#3475=CARTESIAN_POINT('Origin',(1.1,-1.1,0.2));
#3476=CARTESIAN_POINT('Origin',(-1.1,0.9,0.2));
#3477=CARTESIAN_POINT('',(-1.3,1.3,0.2));
#3478=CARTESIAN_POINT('',(-1.3,1.8,0.2));
#3479=CARTESIAN_POINT('',(-1.3,0.9,0.2));
#3480=CARTESIAN_POINT('Origin',(-1.1,1.8,0.2));
#3481=CARTESIAN_POINT('Origin',(-1.1,1.1,0.2));
#3482=CARTESIAN_POINT('Origin',(-0.45,1.8,0.2));
#3483=CARTESIAN_POINT('',(-0.45,2.65,0.2));
#3484=CARTESIAN_POINT('Origin',(-0.45,2.45,0.2));
#3485=CARTESIAN_POINT('Origin',(-0.45,1.8,0.2));
#3486=CARTESIAN_POINT('Origin',(0.225,2.45,0.2));
#3487=CARTESIAN_POINT('',(0.45,2.65,0.2));
#3488=CARTESIAN_POINT('Origin',(0.45,2.45,0.2));
#3489=CARTESIAN_POINT('',(0.225,2.65,0.2));
#3490=CARTESIAN_POINT('Origin',(0.45,1.8,0.2));
#3491=CARTESIAN_POINT('',(1.3,1.8,0.2));
#3492=CARTESIAN_POINT('Origin',(1.1,1.8,0.2));
#3493=CARTESIAN_POINT('Origin',(0.45,1.8,0.2));
#3494=CARTESIAN_POINT('Origin',(1.1,0.775,0.2));
#3495=CARTESIAN_POINT('',(1.3,0.775,0.2));
#3496=CARTESIAN_POINT('Origin',(1.1,-0.9,0.2));
#3497=CARTESIAN_POINT('',(1.3,-1.8,0.2));
#3498=CARTESIAN_POINT('',(1.3,-0.9,0.2));
#3499=CARTESIAN_POINT('Origin',(1.1,-1.8,0.2));
#3500=CARTESIAN_POINT('Origin',(0.45,-1.8,0.2));
#3501=CARTESIAN_POINT('',(0.45,-2.65,0.2));
#3502=CARTESIAN_POINT('Origin',(0.45,-2.45,0.2));
#3503=CARTESIAN_POINT('Origin',(0.45,-1.8,0.2));
#3504=CARTESIAN_POINT('Origin',(-0.225,-2.45,0.2));
#3505=CARTESIAN_POINT('',(-0.45,-2.65,0.2));
#3506=CARTESIAN_POINT('Origin',(-0.45,-2.45,0.2));
#3507=CARTESIAN_POINT('',(-0.225,-2.65,0.2));
#3508=CARTESIAN_POINT('Origin',(-0.45,-1.8,0.2));
#3509=CARTESIAN_POINT('',(-1.3,-1.8,0.2));
#3510=CARTESIAN_POINT('Origin',(-1.1,-1.8,0.2));
#3511=CARTESIAN_POINT('Origin',(-0.45,-1.8,0.2));
#3512=CARTESIAN_POINT('Origin',(-1.1,-0.775,0.2));
#3513=CARTESIAN_POINT('',(-1.3,-1.3,0.2));
#3514=CARTESIAN_POINT('',(-1.3,-0.775,0.2));
#3515=CARTESIAN_POINT('Origin',(-1.1,-1.1,0.2));
#3516=CARTESIAN_POINT('Origin',(-0.9,-1.1,0.2));
#3517=CARTESIAN_POINT('',(-1.8,-1.3,0.2));
#3518=CARTESIAN_POINT('',(-0.9,-1.3,0.2));
#3519=CARTESIAN_POINT('Origin',(-1.8,-1.1,0.2));
#3520=CARTESIAN_POINT('Origin',(-1.8,-0.45,0.2));
#3521=CARTESIAN_POINT('',(-2.65,-0.45,0.2));
#3522=CARTESIAN_POINT('Origin',(-2.45,-0.45,0.2));
#3523=CARTESIAN_POINT('Origin',(-1.8,-0.45,0.2));
#3524=CARTESIAN_POINT('Origin',(-2.45,0.225,0.2));
#3525=CARTESIAN_POINT('',(-2.65,0.45,0.2));
#3526=CARTESIAN_POINT('Origin',(-2.45,0.45,0.2));
#3527=CARTESIAN_POINT('',(-2.65,0.225,0.2));
#3528=CARTESIAN_POINT('Origin',(-1.8,0.45,0.2));
#3529=CARTESIAN_POINT('',(-1.8,1.3,0.2));
#3530=CARTESIAN_POINT('Origin',(-1.8,1.1,0.2));
#3531=CARTESIAN_POINT('Origin',(-1.8,0.45,0.2));
#3532=CARTESIAN_POINT('Origin',(-0.775,1.1,0.2));
#3533=CARTESIAN_POINT('',(-0.775,1.3,0.2));
#3534=CARTESIAN_POINT('Origin',(1.55,-1.3,0.));
#3535=CARTESIAN_POINT('',(1.8,-1.3,4.9));
#3536=CARTESIAN_POINT('',(1.8,-1.3,0.));
#3537=CARTESIAN_POINT('',(1.3,-1.3,4.9));
#3538=CARTESIAN_POINT('',(0.775,-1.3,4.9));
#3539=CARTESIAN_POINT('',(1.3,-1.3,0.));
#3540=CARTESIAN_POINT('Origin',(1.8,-0.45,0.));
#3541=CARTESIAN_POINT('',(2.65,-0.45,4.9));
#3542=CARTESIAN_POINT('',(2.65,-0.45,0.));
#3543=CARTESIAN_POINT('Origin',(1.8,-0.45,4.9));
#3544=CARTESIAN_POINT('Origin',(2.65,-0.45,0.));
#3545=CARTESIAN_POINT('',(2.65,0.45,4.9));
#3546=CARTESIAN_POINT('',(2.65,0.45,0.));
#3547=CARTESIAN_POINT('',(2.65,-0.225,4.9));
#3548=CARTESIAN_POINT('Origin',(1.8,0.45,0.));
#3549=CARTESIAN_POINT('',(1.8,1.3,4.9));
#3550=CARTESIAN_POINT('',(1.8,1.3,0.));
#3551=CARTESIAN_POINT('Origin',(1.8,0.45,4.9));
#3552=CARTESIAN_POINT('Origin',(1.8,1.3,0.));
#3553=CARTESIAN_POINT('',(1.3,1.3,4.9));
#3554=CARTESIAN_POINT('',(1.3,1.3,0.));
#3555=CARTESIAN_POINT('',(0.9,1.3,4.9));
#3556=CARTESIAN_POINT('Origin',(1.3,1.55,0.));
#3557=CARTESIAN_POINT('',(1.3,1.8,4.9));
#3558=CARTESIAN_POINT('',(1.3,1.8,0.));
#3559=CARTESIAN_POINT('',(1.3,0.775,4.9));
#3560=CARTESIAN_POINT('Origin',(0.45,1.8,0.));
#3561=CARTESIAN_POINT('',(0.45,2.65,4.9));
#3562=CARTESIAN_POINT('',(0.45,2.65,0.));
#3563=CARTESIAN_POINT('Origin',(0.45,1.8,4.9));
#3564=CARTESIAN_POINT('Origin',(0.45,2.65,0.));
#3565=CARTESIAN_POINT('',(-0.45,2.65,4.9));
#3566=CARTESIAN_POINT('',(-0.45,2.65,0.));
#3567=CARTESIAN_POINT('',(0.225,2.65,4.9));
#3568=CARTESIAN_POINT('Origin',(-0.45,1.8,0.));
#3569=CARTESIAN_POINT('',(-1.3,1.8,4.9));
#3570=CARTESIAN_POINT('',(-1.3,1.8,0.));
#3571=CARTESIAN_POINT('Origin',(-0.45,1.8,4.9));
#3572=CARTESIAN_POINT('Origin',(-1.3,1.8,0.));
#3573=CARTESIAN_POINT('',(-1.3,1.3,4.9));
#3574=CARTESIAN_POINT('',(-1.3,1.3,0.));
#3575=CARTESIAN_POINT('',(-1.3,0.9,4.9));
#3576=CARTESIAN_POINT('Origin',(0.,0.,0.2));
#3577=CARTESIAN_POINT('',(-11.95,1.46345292498109E-15,0.));
#3578=CARTESIAN_POINT('Origin',(0.,0.,0.));
#3579=CARTESIAN_POINT('',(-11.75,-1.43895998899814E-15,0.2));
#3580=CARTESIAN_POINT('Origin',(-11.95,-1.46345292498109E-15,0.2));
#3581=CARTESIAN_POINT('Origin',(0.,0.,0.2));
#3582=CARTESIAN_POINT('Origin',(0.,0.,0.));
#3583=CARTESIAN_POINT('',(-12.45,-1.52468526493846E-15,0.));
#3584=CARTESIAN_POINT('Origin',(0.,0.,0.));
#3585=CARTESIAN_POINT('Origin',(0.,0.,0.));
#3586=CARTESIAN_POINT('',(-11.75,-1.43895998899814E-15,4.));
#3587=CARTESIAN_POINT('',(-11.75,-1.43895998899814E-15,0.));
#3588=CARTESIAN_POINT('Origin',(0.,0.,4.));
#3589=CARTESIAN_POINT('Origin',(1.5,-0.9,4.9));
#3590=CARTESIAN_POINT('',(1.5,-1.5,5.1));
#3591=CARTESIAN_POINT('',(1.5,-1.8,5.1));
#3592=CARTESIAN_POINT('',(1.5,-0.9,5.1));
#3593=CARTESIAN_POINT('',(1.3,-1.8,4.9));
#3594=CARTESIAN_POINT('Origin',(1.5,-1.8,4.9));
#3595=CARTESIAN_POINT('',(1.3,-0.9,4.9));
#3596=CARTESIAN_POINT('Origin',(1.5,-1.5,4.9));
#3597=CARTESIAN_POINT('Origin',(0.45,-1.8,4.9));
#3598=CARTESIAN_POINT('',(0.45,-2.85,5.1));
#3599=CARTESIAN_POINT('',(0.45,-2.65,4.9));
#3600=CARTESIAN_POINT('Origin',(0.45,-2.85,4.9));
#3601=CARTESIAN_POINT('Origin',(0.45,-1.8,4.9));
#3602=CARTESIAN_POINT('Origin',(0.45,-1.8,5.1));
#3603=CARTESIAN_POINT('Origin',(-0.225,-2.85,4.9));
#3604=CARTESIAN_POINT('',(-0.45,-2.85,5.1));
#3605=CARTESIAN_POINT('',(-0.45,-2.65,4.9));
#3606=CARTESIAN_POINT('Origin',(-0.45,-2.85,4.9));
#3607=CARTESIAN_POINT('',(-0.225,-2.65,4.9));
#3608=CARTESIAN_POINT('',(-0.225,-2.85,5.1));
#3609=CARTESIAN_POINT('Origin',(-0.45,-1.8,4.9));
#3610=CARTESIAN_POINT('',(-1.5,-1.8,5.1));
#3611=CARTESIAN_POINT('',(-1.3,-1.8,4.9));
#3612=CARTESIAN_POINT('Origin',(-1.5,-1.8,4.9));
#3613=CARTESIAN_POINT('Origin',(-0.45,-1.8,4.9));
#3614=CARTESIAN_POINT('Origin',(-0.45,-1.8,5.1));
#3615=CARTESIAN_POINT('Origin',(-1.5,-0.775,4.9));
#3616=CARTESIAN_POINT('',(-1.3,-1.3,4.9));
#3617=CARTESIAN_POINT('',(-1.3,-0.775,4.9));
#3618=CARTESIAN_POINT('',(-1.5,-1.5,5.1));
#3619=CARTESIAN_POINT('',(-1.5,-0.775,5.1));
#3620=CARTESIAN_POINT('Origin',(-1.5,-1.5,4.9));
#3621=CARTESIAN_POINT('Origin',(-0.9,-1.5,4.9));
#3622=CARTESIAN_POINT('',(-1.8,-1.5,5.1));
#3623=CARTESIAN_POINT('',(-0.9,-1.5,5.1));
#3624=CARTESIAN_POINT('',(-1.8,-1.3,4.9));
#3625=CARTESIAN_POINT('Origin',(-1.8,-1.5,4.9));
#3626=CARTESIAN_POINT('',(-0.9,-1.3,4.9));
#3627=CARTESIAN_POINT('Origin',(-1.8,-0.45,4.9));
#3628=CARTESIAN_POINT('',(-2.85,-0.45,5.1));
#3629=CARTESIAN_POINT('',(-2.65,-0.45,4.9));
#3630=CARTESIAN_POINT('Origin',(-2.85,-0.45,4.9));
#3631=CARTESIAN_POINT('Origin',(-1.8,-0.45,4.9));
#3632=CARTESIAN_POINT('Origin',(-1.8,-0.45,5.1));
#3633=CARTESIAN_POINT('Origin',(-2.85,0.225,4.9));
#3634=CARTESIAN_POINT('',(-2.85,0.45,5.1));
#3635=CARTESIAN_POINT('',(-2.65,0.45,4.9));
#3636=CARTESIAN_POINT('Origin',(-2.85,0.45,4.9));
#3637=CARTESIAN_POINT('',(-2.65,0.225,4.9));
#3638=CARTESIAN_POINT('',(-2.85,0.225,5.1));
#3639=CARTESIAN_POINT('Origin',(-1.8,0.45,4.9));
#3640=CARTESIAN_POINT('',(-1.8,1.5,5.1));
#3641=CARTESIAN_POINT('',(-1.8,1.3,4.9));
#3642=CARTESIAN_POINT('Origin',(-1.8,1.5,4.9));
#3643=CARTESIAN_POINT('Origin',(-1.8,0.45,4.9));
#3644=CARTESIAN_POINT('Origin',(-1.8,0.45,5.1));
#3645=CARTESIAN_POINT('Origin',(-0.775,1.5,4.9));
#3646=CARTESIAN_POINT('',(-0.775,1.3,4.9));
#3647=CARTESIAN_POINT('',(-1.5,1.5,5.1));
#3648=CARTESIAN_POINT('',(-0.775,1.5,5.1));
#3649=CARTESIAN_POINT('Origin',(-1.5,1.5,4.9));
#3650=CARTESIAN_POINT('Origin',(-1.5,0.9,4.9));
#3651=CARTESIAN_POINT('',(-1.5,1.8,5.1));
#3652=CARTESIAN_POINT('',(-1.5,0.9,5.1));
#3653=CARTESIAN_POINT('Origin',(-1.5,1.8,4.9));
#3654=CARTESIAN_POINT('Origin',(-0.45,1.8,4.9));
#3655=CARTESIAN_POINT('',(-0.45,2.85,5.1));
#3656=CARTESIAN_POINT('Origin',(-0.45,2.85,4.9));
#3657=CARTESIAN_POINT('Origin',(-0.45,1.8,5.1));
#3658=CARTESIAN_POINT('Origin',(0.225,2.85,4.9));
#3659=CARTESIAN_POINT('',(0.45,2.85,5.1));
#3660=CARTESIAN_POINT('Origin',(0.45,2.85,4.9));
#3661=CARTESIAN_POINT('',(0.225,2.85,5.1));
#3662=CARTESIAN_POINT('Origin',(0.45,1.8,4.9));
#3663=CARTESIAN_POINT('',(1.5,1.8,5.1));
#3664=CARTESIAN_POINT('Origin',(1.5,1.8,4.9));
#3665=CARTESIAN_POINT('Origin',(0.45,1.8,5.1));
#3666=CARTESIAN_POINT('Origin',(1.5,0.775,4.9));
#3667=CARTESIAN_POINT('',(1.5,1.5,5.1));
#3668=CARTESIAN_POINT('',(1.5,0.775,5.1));
#3669=CARTESIAN_POINT('Origin',(1.5,1.5,4.9));
#3670=CARTESIAN_POINT('Origin',(0.9,1.5,4.9));
#3671=CARTESIAN_POINT('',(1.8,1.5,5.1));
#3672=CARTESIAN_POINT('',(0.9,1.5,5.1));
#3673=CARTESIAN_POINT('Origin',(1.8,1.5,4.9));
#3674=CARTESIAN_POINT('Origin',(1.8,0.45,4.9));
#3675=CARTESIAN_POINT('',(2.85,0.45,5.1));
#3676=CARTESIAN_POINT('Origin',(2.85,0.45,4.9));
#3677=CARTESIAN_POINT('Origin',(1.8,0.45,5.1));
#3678=CARTESIAN_POINT('Origin',(2.85,-0.225,4.9));
#3679=CARTESIAN_POINT('',(2.85,-0.45,5.1));
#3680=CARTESIAN_POINT('Origin',(2.85,-0.45,4.9));
#3681=CARTESIAN_POINT('',(2.85,-0.225,5.1));
#3682=CARTESIAN_POINT('Origin',(1.8,-0.45,4.9));
#3683=CARTESIAN_POINT('',(1.8,-1.5,5.1));
#3684=CARTESIAN_POINT('Origin',(1.8,-1.5,4.9));
#3685=CARTESIAN_POINT('Origin',(1.8,-0.45,5.1));
#3686=CARTESIAN_POINT('Origin',(0.775,-1.5,4.9));
#3687=CARTESIAN_POINT('',(0.775,-1.5,5.1));
#3688=CARTESIAN_POINT('Origin',(1.3,-1.8,0.));
#3689=CARTESIAN_POINT('',(1.3,-1.8,0.));
#3690=CARTESIAN_POINT('Origin',(0.,0.,5.1));
#3691=CARTESIAN_POINT('',(-10.65,1.30424884109193E-15,5.1));
#3692=CARTESIAN_POINT('Origin',(0.,0.,5.1));
#3693=CARTESIAN_POINT('Origin',(0.,0.,0.2));
#3694=CARTESIAN_POINT('',(-12.65,1.5491782009214E-15,0.2));
#3695=CARTESIAN_POINT('Origin',(0.,0.,0.2));
#3696=CARTESIAN_POINT('Origin',(-12.45,-1.52468526493846E-15,0.2));
#3697=CARTESIAN_POINT('Origin',(0.,0.,0.));
#3698=CARTESIAN_POINT('',(-12.65,-1.5491782009214E-15,4.));
#3699=CARTESIAN_POINT('Origin',(0.,0.,4.));
#3700=CARTESIAN_POINT('',(-12.65,-1.5491782009214E-15,0.));
#3701=CARTESIAN_POINT('Origin',(1.8,-0.325,4.8));
#3702=CARTESIAN_POINT('',(1.8,0.45,5.));
#3703=CARTESIAN_POINT('Origin',(1.8,0.45,4.8));
#3704=CARTESIAN_POINT('',(1.8,-0.45,5.));
#3705=CARTESIAN_POINT('Origin',(1.8,-0.45,4.8));
#3706=CARTESIAN_POINT('',(1.8,-0.325,5.));
#3707=CARTESIAN_POINT('Origin',(0.325,-0.45,4.8));
#3708=CARTESIAN_POINT('Origin',(1.8,-0.45,4.8));
#3709=CARTESIAN_POINT('',(0.85,-0.45,5.));
#3710=CARTESIAN_POINT('Origin',(0.85,-0.45,4.8));
#3711=CARTESIAN_POINT('',(0.325,-0.45,5.));
#3712=CARTESIAN_POINT('Origin',(0.85,-0.85,4.8));
#3713=CARTESIAN_POINT('',(0.45,-0.85,5.));
#3714=CARTESIAN_POINT('Origin',(0.45,-0.85,4.8));
#3715=CARTESIAN_POINT('Origin',(0.85,-0.85,5.));
#3716=CARTESIAN_POINT('Origin',(0.45,-1.,4.8));
#3717=CARTESIAN_POINT('',(0.45,-1.8,5.));
#3718=CARTESIAN_POINT('Origin',(0.45,-1.8,4.8));
#3719=CARTESIAN_POINT('',(0.45,-1.,5.));
#3720=CARTESIAN_POINT('Origin',(1.8,-0.45,4.8));
#3721=CARTESIAN_POINT('Origin',(-0.325,-1.8,4.8));
#3722=CARTESIAN_POINT('Origin',(0.45,-1.8,4.8));
#3723=CARTESIAN_POINT('',(-0.45,-1.8,5.));
#3724=CARTESIAN_POINT('Origin',(-0.45,-1.8,4.8));
#3725=CARTESIAN_POINT('',(-0.325,-1.8,5.));
#3726=CARTESIAN_POINT('Origin',(0.45,-1.8,4.8));
#3727=CARTESIAN_POINT('Origin',(-0.45,-0.325,4.8));
#3728=CARTESIAN_POINT('Origin',(-0.45,-1.8,4.8));
#3729=CARTESIAN_POINT('',(-0.45,-0.85,5.));
#3730=CARTESIAN_POINT('Origin',(-0.45,-0.85,4.8));
#3731=CARTESIAN_POINT('',(-0.45,-0.325,5.));
#3732=CARTESIAN_POINT('Origin',(-0.85,-0.85,4.8));
#3733=CARTESIAN_POINT('',(-0.85,-0.45,5.));
#3734=CARTESIAN_POINT('Origin',(-0.85,-0.45,4.8));
#3735=CARTESIAN_POINT('Origin',(-0.85,-0.85,5.));
#3736=CARTESIAN_POINT('Origin',(-1.,-0.45,4.8));
#3737=CARTESIAN_POINT('',(-1.8,-0.45,5.));
#3738=CARTESIAN_POINT('Origin',(-1.8,-0.45,4.8));
#3739=CARTESIAN_POINT('',(-1.,-0.45,5.));
#3740=CARTESIAN_POINT('Origin',(-0.45,-1.8,4.8));
#3741=CARTESIAN_POINT('Origin',(-1.8,0.325,4.8));
#3742=CARTESIAN_POINT('',(-2.,-0.45,4.8));
#3743=CARTESIAN_POINT('Origin',(-1.8,-0.45,4.8));
#3744=CARTESIAN_POINT('',(-2.,0.45,4.8));
#3745=CARTESIAN_POINT('',(-2.,0.325,4.8));
#3746=CARTESIAN_POINT('',(-1.8,0.45,5.));
#3747=CARTESIAN_POINT('Origin',(-1.8,0.45,4.8));
#3748=CARTESIAN_POINT('',(-1.8,0.325,5.));
#3749=CARTESIAN_POINT('Origin',(-1.8,-0.45,4.8));
#3750=CARTESIAN_POINT('Origin',(-1.8,-0.45,4.8));
#3751=CARTESIAN_POINT('Origin',(-0.325,0.45,4.8));
#3752=CARTESIAN_POINT('',(-1.8,0.65,4.8));
#3753=CARTESIAN_POINT('Origin',(-1.8,0.45,4.8));
#3754=CARTESIAN_POINT('',(-0.85,0.65,4.8));
#3755=CARTESIAN_POINT('',(-0.325,0.65,4.8));
#3756=CARTESIAN_POINT('',(-0.85,0.45,5.));
#3757=CARTESIAN_POINT('Origin',(-0.85,0.45,4.8));
#3758=CARTESIAN_POINT('',(-0.325,0.45,5.));
#3759=CARTESIAN_POINT('Origin',(-0.85,0.85,4.8));
#3760=CARTESIAN_POINT('',(-0.65,0.85,4.8));
#3761=CARTESIAN_POINT('',(-0.45,0.85,5.));
#3762=CARTESIAN_POINT('Origin',(-0.45,0.85,4.8));
#3763=CARTESIAN_POINT('Origin',(-0.85,0.85,5.));
#3764=CARTESIAN_POINT('Origin',(-0.85,0.85,4.8));
#3765=CARTESIAN_POINT('Origin',(-0.45,1.,4.8));
#3766=CARTESIAN_POINT('',(-0.65,1.8,4.8));
#3767=CARTESIAN_POINT('',(-0.45,1.8,5.));
#3768=CARTESIAN_POINT('Origin',(-0.45,1.8,4.8));
#3769=CARTESIAN_POINT('',(-0.45,1.,5.));
#3770=CARTESIAN_POINT('',(-0.65,1.,4.8));
#3771=CARTESIAN_POINT('Origin',(-1.8,0.45,4.8));
#3772=CARTESIAN_POINT('Origin',(-1.8,0.45,4.8));
#3773=CARTESIAN_POINT('Origin',(0.325,1.8,4.8));
#3774=CARTESIAN_POINT('',(-0.45,2.,4.8));
#3775=CARTESIAN_POINT('Origin',(-0.45,1.8,4.8));
#3776=CARTESIAN_POINT('',(0.45,2.,4.8));
#3777=CARTESIAN_POINT('',(0.325,2.,4.8));
#3778=CARTESIAN_POINT('',(0.45,1.8,5.));
#3779=CARTESIAN_POINT('Origin',(0.45,1.8,4.8));
#3780=CARTESIAN_POINT('',(0.325,1.8,5.));
#3781=CARTESIAN_POINT('Origin',(-0.45,1.8,4.8));
#3782=CARTESIAN_POINT('Origin',(-0.45,1.8,4.8));
#3783=CARTESIAN_POINT('Origin',(0.45,0.325,4.8));
#3784=CARTESIAN_POINT('',(0.65,1.8,4.8));
#3785=CARTESIAN_POINT('Origin',(0.45,1.8,4.8));
#3786=CARTESIAN_POINT('',(0.65,0.85,4.8));
#3787=CARTESIAN_POINT('',(0.65,0.325,4.8));
#3788=CARTESIAN_POINT('',(0.45,0.85,5.));
#3789=CARTESIAN_POINT('Origin',(0.45,0.85,4.8));
#3790=CARTESIAN_POINT('',(0.45,0.325,5.));
#3791=CARTESIAN_POINT('Origin',(0.85,0.85,4.8));
#3792=CARTESIAN_POINT('',(0.85,0.65,4.8));
#3793=CARTESIAN_POINT('',(0.85,0.45,5.));
#3794=CARTESIAN_POINT('Origin',(0.85,0.45,4.8));
#3795=CARTESIAN_POINT('Origin',(0.85,0.85,5.));
#3796=CARTESIAN_POINT('Origin',(0.85,0.85,4.8));
#3797=CARTESIAN_POINT('Origin',(1.,0.45,4.8));
#3798=CARTESIAN_POINT('Origin',(1.8,0.45,4.8));
#3799=CARTESIAN_POINT('',(1.,0.45,5.));
#3800=CARTESIAN_POINT('',(1.,0.65,4.8));
#3801=CARTESIAN_POINT('Origin',(0.45,1.8,4.8));
#3802=CARTESIAN_POINT('Origin',(0.45,1.8,4.8));
#3803=CARTESIAN_POINT('Origin',(1.8,0.45,4.8));
#3804=CARTESIAN_POINT('Origin',(2.,0.65,0.));
#3805=CARTESIAN_POINT('',(0.85,0.65,0.));
#3806=CARTESIAN_POINT('Origin',(0.85,0.85,0.));
#3807=CARTESIAN_POINT('',(0.65,0.85,0.));
#3808=CARTESIAN_POINT('Origin',(0.65,0.65,0.));
#3809=CARTESIAN_POINT('',(0.65,1.8,0.));
#3810=CARTESIAN_POINT('Origin',(0.,0.,5.));
#3811=CARTESIAN_POINT('Origin',(-1.55,1.3,0.));
#3812=CARTESIAN_POINT('',(-1.8,1.3,0.));
#3813=CARTESIAN_POINT('Origin',(0.45,-1.8,0.));
#3814=CARTESIAN_POINT('',(0.45,-2.65,0.));
#3815=CARTESIAN_POINT('Origin',(-0.45,-2.65,0.));
#3816=CARTESIAN_POINT('',(-0.45,-2.65,0.));
#3817=CARTESIAN_POINT('Origin',(-0.45,-1.8,0.));
#3818=CARTESIAN_POINT('',(-1.3,-1.8,0.));
#3819=CARTESIAN_POINT('Origin',(-1.3,-1.55,0.));
#3820=CARTESIAN_POINT('',(-1.3,-1.3,0.));
#3821=CARTESIAN_POINT('Origin',(-1.8,-1.3,0.));
#3822=CARTESIAN_POINT('',(-1.8,-1.3,0.));
#3823=CARTESIAN_POINT('Origin',(-1.8,-0.45,0.));
#3824=CARTESIAN_POINT('',(-2.65,-0.45,0.));
#3825=CARTESIAN_POINT('Origin',(-2.65,0.45,0.));
#3826=CARTESIAN_POINT('',(-2.65,0.45,0.));
#3827=CARTESIAN_POINT('Origin',(-1.8,0.45,0.));
#3828=CARTESIAN_POINT('Ctrl Pts',(-11.75,-1.43895998899814E-15,4.));
#3829=CARTESIAN_POINT('Ctrl Pts',(-11.75,-1.75779588950858,4.));
#3830=CARTESIAN_POINT('Ctrl Pts',(-10.9480367065996,-5.27271251076284,4.));
#3831=CARTESIAN_POINT('Ctrl Pts',(-7.57746323105063,-9.49986108346217,4.));
#3832=CARTESIAN_POINT('Ctrl Pts',(-2.70211713095516,-11.848364039832,4.));
#3833=CARTESIAN_POINT('Ctrl Pts',(2.09959438434216,-11.8443896660587,4.));
#3834=CARTESIAN_POINT('Ctrl Pts',(7.072835594109,-9.89873955316288,4.));
#3835=CARTESIAN_POINT('Ctrl Pts',(10.3975866868988,-6.31484897509942,4.));
#3836=CARTESIAN_POINT('Ctrl Pts',(12.1491196377033,-0.639706608683233,4.));
#3837=CARTESIAN_POINT('Ctrl Pts',(11.4200366516572,4.19209511287153,4.));
#3838=CARTESIAN_POINT('Ctrl Pts',(8.07384606933195,9.09801456999866,4.));
#3839=CARTESIAN_POINT('Ctrl Pts',(3.84329015695026,11.5424763509444,4.));
#3840=CARTESIAN_POINT('Ctrl Pts',(-2.07830510467581,11.9862116682999,4.));
#3841=CARTESIAN_POINT('Ctrl Pts',(-7.20213814105909,9.97981381844362,4.00000000000001));
#3842=CARTESIAN_POINT('Ctrl Pts',(-10.9483554531431,5.26745541503069,4.));
#3843=CARTESIAN_POINT('Ctrl Pts',(-11.75,1.75779588950857,4.));
#3844=CARTESIAN_POINT('Ctrl Pts',(-11.75,-1.43895998899814E-15,4.));
#3845=CARTESIAN_POINT('Ctrl Pts',(-11.75,-1.43895998899814E-15,4.22439947525641));
#3846=CARTESIAN_POINT('Ctrl Pts',(-11.75,-1.75812097713377,4.22439947525641));
#3847=CARTESIAN_POINT('Ctrl Pts',(-10.9481051284843,-5.27256255443517,4.22439947525641));
#3848=CARTESIAN_POINT('Ctrl Pts',(-7.57753719849867,-9.50003132942394,4.22439947525642));
#3849=CARTESIAN_POINT('Ctrl Pts',(-2.70214929320295,-11.8483195152773,4.22439947525641));
#3850=CARTESIAN_POINT('Ctrl Pts',(2.09952172918085,-11.8445704611253,4.22439947525642));
#3851=CARTESIAN_POINT('Ctrl Pts',(7.07296760513176,-9.89864244015071,4.22439947525641));
#3852=CARTESIAN_POINT('Ctrl Pts',(10.3976681822828,-6.31500972312618,4.22439947525642));
#3853=CARTESIAN_POINT('Ctrl Pts',(12.1491364793968,-0.639656970883708,4.22439947525641));
#3854=CARTESIAN_POINT('Ctrl Pts',(11.4202094729599,4.19201503315994,4.22439947525642));
#3855=CARTESIAN_POINT('Ctrl Pts',(8.07374707688339,9.09815558469818,4.22439947525641));
#3856=CARTESIAN_POINT('Ctrl Pts',(3.843393231101,11.5425572710599,4.22439947525642));
#3857=CARTESIAN_POINT('Ctrl Pts',(-2.07830769398698,11.9862590665949,4.22439947525641));
#3858=CARTESIAN_POINT('Ctrl Pts',(-7.20223496050628,9.97989741767329,4.22439947525642));
#3859=CARTESIAN_POINT('Ctrl Pts',(-10.9484332899098,5.26734577184206,4.22439947525641));
#3860=CARTESIAN_POINT('Ctrl Pts',(-11.75,1.75812097713377,4.22439947525641));
#3861=CARTESIAN_POINT('Ctrl Pts',(-11.75,-1.43895998899814E-15,4.22439947525641));
#3862=CARTESIAN_POINT('Ctrl Pts',(-11.7398084029268,-1.43771187832475E-15,
4.39673986240678));
#3863=CARTESIAN_POINT('Ctrl Pts',(-11.7398084029268,-1.75636696646749,4.39673986240678));
#3864=CARTESIAN_POINT('Ctrl Pts',(-10.9385608582253,-5.26809495708329,4.39673986240678));
#3865=CARTESIAN_POINT('Ctrl Pts',(-7.57091255000383,-9.49167132569292,4.39673986240678));
#3866=CARTESIAN_POINT('Ctrl Pts',(-2.69978286730255,-11.8380740125363,4.39673986240678));
#3867=CARTESIAN_POINT('Ctrl Pts',(2.097751862737,-11.8341694412647,4.39673986240678));
#3868=CARTESIAN_POINT('Ctrl Pts',(7.0667397053948,-9.89012508460854,4.39673986240678));
#3869=CARTESIAN_POINT('Ctrl Pts',(10.3885921324036,-6.3094190040832,4.39673986240677));
#3870=CARTESIAN_POINT('Ctrl Pts',(12.1385868160201,-0.639137128357169,4.39673986240678));
#3871=CARTESIAN_POINT('Ctrl Pts',(11.4101821496972,4.18843543250085,4.39673986240678));
#3872=CARTESIAN_POINT('Ctrl Pts',(8.0668139050899,9.0901647533974,4.39673986240678));
#3873=CARTESIAN_POINT('Ctrl Pts',(3.8399869572129,11.5324885841298,4.39673986240678));
#3874=CARTESIAN_POINT('Ctrl Pts',(-2.07650320778895,11.9758291468283,4.39673986240677));
#3875=CARTESIAN_POINT('Ctrl Pts',(-7.19591973549584,9.97118224715585,4.39673986240679));
#3876=CARTESIAN_POINT('Ctrl Pts',(-10.9388821009227,5.26285429317075,4.39673986240677));
#3877=CARTESIAN_POINT('Ctrl Pts',(-11.7398084029268,1.75636696646749,4.39673986240678));
#3878=CARTESIAN_POINT('Ctrl Pts',(-11.7398084029268,-1.43032369467992E-15,
4.39673986240678));
#3879=CARTESIAN_POINT('Ctrl Pts',(-11.6795852313939,-1.43033666689952E-15,
4.58945135838419));
#3880=CARTESIAN_POINT('Ctrl Pts',(-11.6795852313939,-1.74736887307585,4.58945135838419));
#3881=CARTESIAN_POINT('Ctrl Pts',(-10.8824504227926,-5.24106512179451,4.58945135838418));
#3882=CARTESIAN_POINT('Ctrl Pts',(-7.5320777642678,-9.44298686589925,4.58945135838419));
#3883=CARTESIAN_POINT('Ctrl Pts',(-2.68593461538313,-11.7773451444522,4.58945135838418));
#3884=CARTESIAN_POINT('Ctrl Pts',(2.08698813221272,-11.7734687560144,4.58945135838419));
#3885=CARTESIAN_POINT('Ctrl Pts',(7.03049333877728,-9.83938695222544,4.58945135838419));
#3886=CARTESIAN_POINT('Ctrl Pts',(10.3353034137636,-6.27705860053821,4.58945135838418));
#3887=CARTESIAN_POINT('Ctrl Pts',(12.0763185901193,-0.635856670137779,4.58945135838419));
#3888=CARTESIAN_POINT('Ctrl Pts',(11.3516561568499,4.16694659089655,4.58945135838419));
#3889=CARTESIAN_POINT('Ctrl Pts',(8.025428973353,9.04353889464331,4.58945135838419));
#3890=CARTESIAN_POINT('Ctrl Pts',(3.82029222289154,11.4733318551922,4.58945135838419));
#3891=CARTESIAN_POINT('Ctrl Pts',(-2.06585120184096,11.9143969450846,4.58945135838419));
#3892=CARTESIAN_POINT('Ctrl Pts',(-7.15900942444523,9.9200348446231,4.58945135838419));
#3893=CARTESIAN_POINT('Ctrl Pts',(-10.8827703582432,5.23585280028292,4.58945135838419));
#3894=CARTESIAN_POINT('Ctrl Pts',(-11.6795852313939,1.74736887307585,4.58945135838419));
#3895=CARTESIAN_POINT('Ctrl Pts',(-11.6795852313939,-1.26009568543557E-15,
4.58945135838419));
#3896=CARTESIAN_POINT('Ctrl Pts',(-11.5927414013867,-1.41970136505512E-15,
4.75128871190731));
#3897=CARTESIAN_POINT('Ctrl Pts',(-11.5927414013867,-1.7343693292035,4.75128871190731));
#3898=CARTESIAN_POINT('Ctrl Pts',(-10.801532246339,-5.20209826114776,4.75128871190731));
#3899=CARTESIAN_POINT('Ctrl Pts',(-7.47607124390612,-9.37276968023737,4.75128871190731));
#3900=CARTESIAN_POINT('Ctrl Pts',(-2.66596259877179,-11.6897753690541,4.7512887119073));
#3901=CARTESIAN_POINT('Ctrl Pts',(2.07147183440326,-11.6859229923264,4.75128871190731));
#3902=CARTESIAN_POINT('Ctrl Pts',(6.9782151217703,-9.76622803335822,4.7512887119073));
#3903=CARTESIAN_POINT('Ctrl Pts',(10.258453282573,-6.23038195158058,4.75128871190731));
#3904=CARTESIAN_POINT('Ctrl Pts',(11.9865244802935,-0.631129802868627,4.7512887119073));
#3905=CARTESIAN_POINT('Ctrl Pts',(11.2672469609037,4.13596487170584,4.75128871190731));
#3906=CARTESIAN_POINT('Ctrl Pts',(7.96575782172737,8.97629243792069,4.75128871190731));
#3907=CARTESIAN_POINT('Ctrl Pts',(3.7918841494887,11.3880198991093,4.75128871190731));
#3908=CARTESIAN_POINT('Ctrl Pts',(-2.0504904614722,11.8258061549719,4.75128871190731));
#3909=CARTESIAN_POINT('Ctrl Pts',(-7.10577637451651,9.84627240769751,4.75128871190731));
#3910=CARTESIAN_POINT('Ctrl Pts',(-10.8018496018653,5.19692383516552,4.75128871190731));
#3911=CARTESIAN_POINT('Ctrl Pts',(-11.5927414013867,1.7343693292035,4.75128871190731));
#3912=CARTESIAN_POINT('Ctrl Pts',(-11.5927414013867,-1.00928687989698E-15,
4.75128871190731));
#3913=CARTESIAN_POINT('Ctrl Pts',(-11.4003028174743,-1.39613443547304E-15,
4.9437966533719));
#3914=CARTESIAN_POINT('Ctrl Pts',(-11.4003028174743,-1.70558618411662,4.9437966533719));
#3915=CARTESIAN_POINT('Ctrl Pts',(-10.6222291968069,-5.11574050116679,4.9437966533719));
#3916=CARTESIAN_POINT('Ctrl Pts',(-7.35197070577974,-9.21718624561082,4.9437966533719));
#3917=CARTESIAN_POINT('Ctrl Pts',(-2.62170854901187,-11.4957250363584,4.9437966533719));
#3918=CARTESIAN_POINT('Ctrl Pts',(2.03708394713886,-11.4919416321457,4.94379665337191));
#3919=CARTESIAN_POINT('Ctrl Pts',(6.86238024966493,-9.60410726079763,4.9437966533719));
#3920=CARTESIAN_POINT('Ctrl Pts',(10.0881655920497,-6.12696169121075,4.9437966533719));
#3921=CARTESIAN_POINT('Ctrl Pts',(11.7875495041112,-0.620651991764388,4.9437966533719));
#3922=CARTESIAN_POINT('Ctrl Pts',(11.0802154117271,4.06730639893112,4.9437966533719));
#3923=CARTESIAN_POINT('Ctrl Pts',(7.83352466937323,8.8272898422438,4.9437966533719));
#3924=CARTESIAN_POINT('Ctrl Pts',(3.72894147260453,11.1989814798951,4.94379665337191));
#3925=CARTESIAN_POINT('Ctrl Pts',(-2.0164525408585,11.6294997714304,4.9437966533719));
#3926=CARTESIAN_POINT('Ctrl Pts',(-6.98782321120024,9.68282693377131,4.9437966533719));
#3927=CARTESIAN_POINT('Ctrl Pts',(-10.622541494156,5.1106528690014,4.9437966533719));
#3928=CARTESIAN_POINT('Ctrl Pts',(-11.4003028174743,1.70558618411662,4.9437966533719));
#3929=CARTESIAN_POINT('Ctrl Pts',(-11.4003028174743,-5.36320090318689E-16,
4.9437966533719));
#3930=CARTESIAN_POINT('Ctrl Pts',(-11.2079421312495,-1.37257704560634E-15,
5.04748716018295));
#3931=CARTESIAN_POINT('Ctrl Pts',(-11.2079421312495,-1.67665123005804,5.04748716018295));
#3932=CARTESIAN_POINT('Ctrl Pts',(-10.4429643239868,-5.02949309901761,5.04748716018295));
#3933=CARTESIAN_POINT('Ctrl Pts',(-7.22788321039144,-9.06158018711405,5.04748716018295));
#3934=CARTESIAN_POINT('Ctrl Pts',(-2.57745624117453,-11.3017756415574,5.04748716018296));
#3935=CARTESIAN_POINT('Ctrl Pts',(2.00274651221343,-11.2979478869972,5.04748716018295));
#3936=CARTESIAN_POINT('Ctrl Pts',(6.74652588901738,-9.44210094375217,5.04748716018296));
#3937=CARTESIAN_POINT('Ctrl Pts',(9.91790585528769,-6.02350246745146,5.04748716018295));
#3938=CARTESIAN_POINT('Ctrl Pts',(11.5886466031787,-0.610203380818196,5.04748716018295));
#3939=CARTESIAN_POINT('Ctrl Pts',(10.89317267371,3.99871598417345,5.04748716018295));
#3940=CARTESIAN_POINT('Ctrl Pts',(7.7013948192669,8.67827665685112,5.04748716018295));
#3941=CARTESIAN_POINT('Ctrl Pts',(3.66597244681986,11.0099788938516,5.04748716018296));
#3942=CARTESIAN_POINT('Ctrl Pts',(-1.98242709658404,11.4332490184785,5.04748716018295));
#3943=CARTESIAN_POINT('Ctrl Pts',(-6.86986911179613,9.51940558607557,5.04748716018296));
#3944=CARTESIAN_POINT('Ctrl Pts',(-10.4432668312264,5.02447195533111,5.04748716018295));
#3945=CARTESIAN_POINT('Ctrl Pts',(-11.2079421312495,1.67665123005804,5.04748716018295));
#3946=CARTESIAN_POINT('Ctrl Pts',(-11.2079421312495,3.41556664755571E-17,
5.04748716018295));
#3947=CARTESIAN_POINT('Ctrl Pts',(-11.0629301270977,-1.35481819693411E-15,
5.08207789477456));
#3948=CARTESIAN_POINT('Ctrl Pts',(-11.0629301270977,-1.65504448294338,5.08207789477456));
#3949=CARTESIAN_POINT('Ctrl Pts',(-10.3078680180958,-4.96438006576423,5.08207789477456));
#3950=CARTESIAN_POINT('Ctrl Pts',(-7.13438614302406,-8.94438371369852,5.08207789477456));
#3951=CARTESIAN_POINT('Ctrl Pts',(-2.54411681244326,-11.1555377674145,5.08207789477457));
#3952=CARTESIAN_POINT('Ctrl Pts',(1.9768150355245,-11.1518193610475,5.08207789477456));
#3953=CARTESIAN_POINT('Ctrl Pts',(6.65927219023687,-9.31991018379308,5.08207789477456));
#3954=CARTESIAN_POINT('Ctrl Pts',(9.78960639788059,-5.94561111090142,5.08207789477456));
#3955=CARTESIAN_POINT('Ctrl Pts',(11.4387133921789,-0.602295191741437,5.08207789477456));
#3956=CARTESIAN_POINT('Ctrl Pts',(10.7522791441752,3.94695803339417,5.08207789477457));
#3957=CARTESIAN_POINT('Ctrl Pts',(7.60172538285114,8.56603172825571,5.08207789477456));
#3958=CARTESIAN_POINT('Ctrl Pts',(3.61856826849878,10.8675496871997,5.08207789477457));
#3959=CARTESIAN_POINT('Ctrl Pts',(-1.95677849688422,11.2853345049474,5.08207789477456));
#3960=CARTESIAN_POINT('Ctrl Pts',(-6.7810102147087,9.39626261346858,5.08207789477457));
#3961=CARTESIAN_POINT('Ctrl Pts',(-10.3081691110953,4.95943459060451,5.08207789477456));
#3962=CARTESIAN_POINT('Ctrl Pts',(-11.0629301270977,1.65504448294338,5.08207789477456));
#3963=CARTESIAN_POINT('Ctrl Pts',(-11.0629301270977,5.03142635443493E-16,
5.08207789477456));
#3964=CARTESIAN_POINT('Ctrl Pts',(-10.8805100802221,-1.33247818428345E-15,
5.09884231463193));
#3965=CARTESIAN_POINT('Ctrl Pts',(-10.8805100802221,-1.62768549617226,5.09884231463193));
#3966=CARTESIAN_POINT('Ctrl Pts',(-10.1378840148518,-4.88255245571219,5.09884231463193));
#3967=CARTESIAN_POINT('Ctrl Pts',(-7.01672948776037,-8.79686118100919,5.09884231463192));
#3968=CARTESIAN_POINT('Ctrl Pts',(-2.50215931814885,-10.9716000599065,5.09884231463194));
#3969=CARTESIAN_POINT('Ctrl Pts',(1.94423402464898,-10.9678955239141,5.09884231463193));
#3970=CARTESIAN_POINT('Ctrl Pts',(6.5494376128913,-9.16625177542232,5.09884231463193));
#3971=CARTESIAN_POINT('Ctrl Pts',(9.62816541662515,-5.84753825901113,5.09884231463192));
#3972=CARTESIAN_POINT('Ctrl Pts',(11.2500933936191,-0.592374213449059,5.09884231463193));
#3973=CARTESIAN_POINT('Ctrl Pts',(10.5749451271463,3.88189229388251,5.09884231463193));
#3974=CARTESIAN_POINT('Ctrl Pts',(7.47639904621289,8.42475411243044,5.09884231463193));
#3975=CARTESIAN_POINT('Ctrl Pts',(3.55887888341261,10.6883342896672,5.09884231463194));
#3976=CARTESIAN_POINT('Ctrl Pts',(-1.92451203107192,11.0992371838524,5.09884231463193));
#3977=CARTESIAN_POINT('Ctrl Pts',(-6.66917567173157,9.24130715548936,5.09884231463194));
#3978=CARTESIAN_POINT('Ctrl Pts',(-10.1381781606277,4.87768003962609,5.09884231463193));
#3979=CARTESIAN_POINT('Ctrl Pts',(-10.8805100802221,1.62768549617226,5.09884231463193));
#3980=CARTESIAN_POINT('Ctrl Pts',(-10.8805100802221,9.2917868569033E-16,
5.09884231463193));
#3981=CARTESIAN_POINT('Ctrl Pts',(-10.7621997376282,-1.31798934604709E-15,
5.10000000000001));
#3982=CARTESIAN_POINT('Ctrl Pts',(-10.7621997376282,-1.6100882988469,5.10000000000001));
#3983=CARTESIAN_POINT('Ctrl Pts',(-10.0276700785976,-4.82941465101729,5.10000000000001));
#3984=CARTESIAN_POINT('Ctrl Pts',(-6.94045547875315,-8.7012608197831,5.10000000000001));
#3985=CARTESIAN_POINT('Ctrl Pts',(-2.47496188459044,-10.8522853246822,5.10000000000001));
#3986=CARTESIAN_POINT('Ctrl Pts',(1.92307048775695,-10.848691495213,5.10000000000001));
#3987=CARTESIAN_POINT('Ctrl Pts',(6.47826289185958,-9.066551243173,5.10000000000001));
#3988=CARTESIAN_POINT('Ctrl Pts',(9.52349804403424,-5.78400469451864,5.10000000000001));
#3989=CARTESIAN_POINT('Ctrl Pts',(11.127769612914,-0.585917457103429,5.10000000000001));
#3990=CARTESIAN_POINT('Ctrl Pts',(10.4600113926542,3.83965711043121,5.10000000000001));
#3991=CARTESIAN_POINT('Ctrl Pts',(7.39507271354936,8.33319075919944,5.10000000000001));
#3992=CARTESIAN_POINT('Ctrl Pts',(3.52021326515223,10.5721388822688,5.10000000000001));
#3993=CARTESIAN_POINT('Ctrl Pts',(-1.90358646136874,10.9785633042523,5.10000000000001));
#3994=CARTESIAN_POINT('Ctrl Pts',(-6.59668796731506,9.14084698345727,5.10000000000001));
#3995=CARTESIAN_POINT('Ctrl Pts',(-10.0279639686218,4.82460781573785,5.10000000000001));
#3996=CARTESIAN_POINT('Ctrl Pts',(-10.7621997376282,1.6100882988469,5.10000000000001));
#3997=CARTESIAN_POINT('Ctrl Pts',(-10.7621997376282,1.14417195836436E-15,
5.10000000000001));
#3998=CARTESIAN_POINT('Ctrl Pts',(-10.65,-1.30424884109193E-15,5.10000000000001));
#3999=CARTESIAN_POINT('Ctrl Pts',(-10.65,-1.59323627432054,5.10000000000001));
#4000=CARTESIAN_POINT('Ctrl Pts',(-9.92311412130093,-4.77909687145738,5.10000000000001));
#4001=CARTESIAN_POINT('Ctrl Pts',(-6.86808369452675,-8.61051238628698,5.10000000000001));
#4002=CARTESIAN_POINT('Ctrl Pts',(-2.44915297401468,-10.7391554914222,5.10000000000001));
#4003=CARTESIAN_POINT('Ctrl Pts',(1.90303661219098,-10.735553186683,5.10000000000001));
#4004=CARTESIAN_POINT('Ctrl Pts',(6.41069779380944,-8.97204904180294,5.10000000000001));
#4005=CARTESIAN_POINT('Ctrl Pts',(9.42419559280616,-5.72367162423905,5.10000000000001));
#4006=CARTESIAN_POINT('Ctrl Pts',(11.0117552460885,-0.579819181487355,5.10000000000001));
#4007=CARTESIAN_POINT('Ctrl Pts',(10.3509268374595,3.79964365549632,5.10000000000001));
#4008=CARTESIAN_POINT('Ctrl Pts',(7.31799665007535,8.24628554642431,5.10000000000001));
#4009=CARTESIAN_POINT('Ctrl Pts',(3.48349278055492,10.4619040968134,5.10000000000001));
#4010=CARTESIAN_POINT('Ctrl Pts',(-1.88374037147212,10.8640982355229,5.10000000000001));
#4011=CARTESIAN_POINT('Ctrl Pts',(-6.52789542147058,9.04553337586592,5.10000000000001));
#4012=CARTESIAN_POINT('Ctrl Pts',(-9.92340302774243,4.77433192936824,5.10000000000001));
#4013=CARTESIAN_POINT('Ctrl Pts',(-10.65,1.59323627432054,5.10000000000001));
#4014=CARTESIAN_POINT('Ctrl Pts',(-10.65,1.30424884109193E-15,5.10000000000001));
#4015=CARTESIAN_POINT('Ctrl Pts',(-10.65,-1.30424884109193E-15,5.10000000000001));
#4016=CARTESIAN_POINT('Ctrl Pts',(-10.7621997376282,-1.31798934604709E-15,
5.10000000000001));
#4017=CARTESIAN_POINT('Ctrl Pts',(-10.8805100802221,-1.33247818428345E-15,
5.09884231463193));
#4018=CARTESIAN_POINT('Ctrl Pts',(-11.0629301270977,-1.35481819693411E-15,
5.08207789477456));
#4019=CARTESIAN_POINT('Ctrl Pts',(-11.2079421312495,-1.37257704560634E-15,
5.04748716018295));
#4020=CARTESIAN_POINT('Ctrl Pts',(-11.4003028174743,-1.39613443547304E-15,
4.9437966533719));
#4021=CARTESIAN_POINT('Ctrl Pts',(-11.5927414013867,-1.41970136505512E-15,
4.75128871190731));
#4022=CARTESIAN_POINT('Ctrl Pts',(-11.6795852313939,-1.43033666689952E-15,
4.58945135838419));
#4023=CARTESIAN_POINT('Ctrl Pts',(-11.7398084029268,-1.43771187832475E-15,
4.39673986240678));
#4024=CARTESIAN_POINT('Ctrl Pts',(-11.75,-1.43895998899814E-15,4.22439947525641));
#4025=CARTESIAN_POINT('Ctrl Pts',(-11.75,-1.43895998899814E-15,4.));
#4026=CARTESIAN_POINT('Ctrl Pts',(-12.65,-1.5491782009214E-15,4.));
#4027=CARTESIAN_POINT('Ctrl Pts',(-12.65,-1.89243557466243,4.));
#4028=CARTESIAN_POINT('Ctrl Pts',(-11.7866098269705,-5.67658006122064,4.));
#4029=CARTESIAN_POINT('Ctrl Pts',(-8.15786517055524,-10.227509815882,4.));
#4030=CARTESIAN_POINT('Ctrl Pts',(-2.90908644090811,-12.7558997159322,4.));
#4031=CARTESIAN_POINT('Ctrl Pts',(2.26041262362408,-12.7516182552677,4.));
#4032=CARTESIAN_POINT('Ctrl Pts',(7.61458724113765,-10.6569418257808,4.));
#4033=CARTESIAN_POINT('Ctrl Pts',(11.1939953169067,-6.79853974371213,4.));
#4034=CARTESIAN_POINT('Ctrl Pts',(13.0796908769307,-0.688703665117073,4.));
#4035=CARTESIAN_POINT('Ctrl Pts',(12.2947638066113,4.51319013040469,4.));
#4036=CARTESIAN_POINT('Ctrl Pts',(8.69226773708869,9.79488612861562,4.));
#4037=CARTESIAN_POINT('Ctrl Pts',(4.13767030552768,12.4265789578812,4.));
#4038=CARTESIAN_POINT('Ctrl Pts',(-2.23749570123647,12.904304218358,4.));
#4039=CARTESIAN_POINT('Ctrl Pts',(-7.75379040243364,10.7442252600071,4.));
#4040=CARTESIAN_POINT('Ctrl Pts',(-11.7869538662612,5.67092040879024,4.));
#4041=CARTESIAN_POINT('Ctrl Pts',(-12.65,1.89243557466242,4.));
#4042=CARTESIAN_POINT('Ctrl Pts',(-12.65,-1.5491782009214E-15,4.));
#4043=CARTESIAN_POINT('Ctrl Pts',(-12.65,-1.5491782009214E-15,4.14959965017094));
#4044=CARTESIAN_POINT('Ctrl Pts',(-12.65,-1.8924679842943,4.14959965017094));
#4045=CARTESIAN_POINT('Ctrl Pts',(-11.7866166322605,-5.67656509463141,4.14959965017094));
#4046=CARTESIAN_POINT('Ctrl Pts',(-8.15787252968906,-10.2275267754862,4.14959965017094));
#4047=CARTESIAN_POINT('Ctrl Pts',(-2.90908963385219,-12.7558952648858,4.14959965017094));
#4048=CARTESIAN_POINT('Ctrl Pts',(2.26040538585902,-12.7516362584267,4.14959965017094));
#4049=CARTESIAN_POINT('Ctrl Pts',(7.61460038020609,-10.656932144751,4.14959965017094));
#4050=CARTESIAN_POINT('Ctrl Pts',(11.194003423557,-6.79855574980111,4.14959965017094));
#4051=CARTESIAN_POINT('Ctrl Pts',(13.0796925426963,-0.688698713953974,4.14959965017094));
#4052=CARTESIAN_POINT('Ctrl Pts',(12.2947810101407,4.51318215158908,4.14959965017094));
#4053=CARTESIAN_POINT('Ctrl Pts',(8.69225787566106,9.79490016274051,4.14959965017094));
#4054=CARTESIAN_POINT('Ctrl Pts',(4.13768056700921,12.4265870069097,4.14959965017094));
#4055=CARTESIAN_POINT('Ctrl Pts',(-2.23749595996978,12.9043089254434,4.14959965017094));
#4056=CARTESIAN_POINT('Ctrl Pts',(-7.75380003423941,10.7442335906678,4.14959965017094));
#4057=CARTESIAN_POINT('Ctrl Pts',(-11.7869616090442,5.67090946170611,4.14959965017094));
#4058=CARTESIAN_POINT('Ctrl Pts',(-12.65,1.8924679842943,4.14959965017094));
#4059=CARTESIAN_POINT('Ctrl Pts',(-12.65,-1.5491782009214E-15,4.14959965017094));
#4060=CARTESIAN_POINT('Ctrl Pts',(-12.6484814635246,-1.548992233838E-15,
4.44565215643215));
#4061=CARTESIAN_POINT('Ctrl Pts',(-12.6484814635246,-1.89221070085194,4.44565215643215));
#4062=CARTESIAN_POINT('Ctrl Pts',(-11.7851954166097,-5.67589756934059,4.44565215643215));
#4063=CARTESIAN_POINT('Ctrl Pts',(-8.15688640272746,-10.2262832838567,4.44565215643215));
#4064=CARTESIAN_POINT('Ctrl Pts',(-2.90873745362906,-12.7543681513008,4.44565215643215));
#4065=CARTESIAN_POINT('Ctrl Pts',(2.26014076489483,-12.7500887972005,4.44565215643215));
#4066=CARTESIAN_POINT('Ctrl Pts',(7.61367409965424,-10.6556618541646,4.44565215643215));
#4067=CARTESIAN_POINT('Ctrl Pts',(11.1926521377208,-6.79772476588519,4.44565215643215));
#4068=CARTESIAN_POINT('Ctrl Pts',(13.0781208774749,-0.688620640299247,4.44565215643215));
#4069=CARTESIAN_POINT('Ctrl Pts',(12.2932891337375,4.51264779027587,4.44565215643215));
#4070=CARTESIAN_POINT('Ctrl Pts',(8.69122359688819,9.79371132228474,4.44565215643215));
#4071=CARTESIAN_POINT('Ctrl Pts',(4.13717433743122,12.4250878122987,4.44565215643215));
#4072=CARTESIAN_POINT('Ctrl Pts',(-2.23722712521324,12.9027554884506,4.44565215643215));
#4073=CARTESIAN_POINT('Ctrl Pts',(-7.7528603019081,10.7429360881907,4.44565215643215));
#4074=CARTESIAN_POINT('Ctrl Pts',(-11.7855394810945,5.67023888139957,4.44565215643215));
#4075=CARTESIAN_POINT('Ctrl Pts',(-12.6484814635246,1.89221070085194,4.44565215643215));
#4076=CARTESIAN_POINT('Ctrl Pts',(-12.6484814635246,-1.54701168439976E-15,
4.44565215643215));
#4077=CARTESIAN_POINT('Ctrl Pts',(-12.5501751835831,-1.53695318673135E-15,
4.88628382310647));
#4078=CARTESIAN_POINT('Ctrl Pts',(-12.5501751835831,-1.87748354445262,4.88628382310647));
#4079=CARTESIAN_POINT('Ctrl Pts',(-11.693594435818,-5.63179296086787,4.88628382310648));
#4080=CARTESIAN_POINT('Ctrl Pts',(-8.09348494296696,-10.1467920097829,4.88628382310647));
#4081=CARTESIAN_POINT('Ctrl Pts',(-2.88612819646057,-12.6552417236695,4.88628382310647));
#4082=CARTESIAN_POINT('Ctrl Pts',(2.24257913312562,-12.6509813895399,4.88628382310647));
#4083=CARTESIAN_POINT('Ctrl Pts',(7.55449091841639,-10.5728502672533,4.88628382310647));
#4084=CARTESIAN_POINT('Ctrl Pts',(11.105655684905,-6.74488147188231,4.88628382310647));
#4085=CARTESIAN_POINT('Ctrl Pts',(12.9764743061034,-0.683271696357604,4.88628382310647));
#4086=CARTESIAN_POINT('Ctrl Pts',(12.1977325625827,4.47757973747103,4.88628382310647));
#4087=CARTESIAN_POINT('Ctrl Pts',(8.6236800929356,9.71758393081154,4.88628382310647));
#4088=CARTESIAN_POINT('Ctrl Pts',(4.1050129644662,12.3285126836096,4.88628382310647));
#4089=CARTESIAN_POINT('Ctrl Pts',(-2.21983882827851,12.8024699597864,4.88628382310647));
#4090=CARTESIAN_POINT('Ctrl Pts',(-7.69259756462016,10.6594347675862,4.88628382310647));
#4091=CARTESIAN_POINT('Ctrl Pts',(-11.693935231635,5.6261757041926,4.88628382310647));
#4092=CARTESIAN_POINT('Ctrl Pts',(-12.5501751835831,1.87748354445261,4.88628382310647));
#4093=CARTESIAN_POINT('Ctrl Pts',(-12.5501751835831,-1.40675678560734E-15,
4.88628382310647));
#4094=CARTESIAN_POINT('Ctrl Pts',(-12.3147779805529,-1.50812534360944E-15,
5.30690327184897));
#4095=CARTESIAN_POINT('Ctrl Pts',(-12.3147779805529,-1.84229847148367,5.30690327184897));
#4096=CARTESIAN_POINT('Ctrl Pts',(-11.4742699620769,-5.52614648848998,5.30690327184897));
#4097=CARTESIAN_POINT('Ctrl Pts',(-7.94168638902135,-9.9564894916851,5.30690327184897));
#4098=CARTESIAN_POINT('Ctrl Pts',(-2.83199751724961,-12.4178697317895,5.30690327184897));
#4099=CARTESIAN_POINT('Ctrl Pts',(2.20050954324807,-12.4137100383323,5.30690327184897));
#4100=CARTESIAN_POINT('Ctrl Pts',(7.41280733567757,-10.3745317957452,5.30690327184897));
#4101=CARTESIAN_POINT('Ctrl Pts',(10.8973600784873,-6.61838596564236,5.30690327184898));
#4102=CARTESIAN_POINT('Ctrl Pts',(12.7330827669283,-0.670451348011049,5.30690327184897));
#4103=CARTESIAN_POINT('Ctrl Pts',(11.968961829008,4.39358870265465,5.30690327184897));
#4104=CARTESIAN_POINT('Ctrl Pts',(8.4619210407343,9.53532914758125,5.30690327184898));
#4105=CARTESIAN_POINT('Ctrl Pts',(4.02802681474785,12.0972805220697,5.30690327184897));
#4106=CARTESIAN_POINT('Ctrl Pts',(-2.1782026880934,12.5623449389688,5.30690327184898));
#4107=CARTESIAN_POINT('Ctrl Pts',(-7.54832034808379,10.4595089050205,5.30690327184898));
#4108=CARTESIAN_POINT('Ctrl Pts',(-11.4746052313405,5.52063830299235,5.30690327184897));
#4109=CARTESIAN_POINT('Ctrl Pts',(-12.3147779805529,1.84229847148367,5.30690327184897));
#4110=CARTESIAN_POINT('Ctrl Pts',(-12.3147779805529,-1.07091241323701E-15,
5.30690327184897));
#4111=CARTESIAN_POINT('Ctrl Pts',(-11.9568392427136,-1.46429049065087E-15,
5.66494706283779));
#4112=CARTESIAN_POINT('Ctrl Pts',(-11.9568392427136,-1.78874265833354,5.66494706283779));
#4113=CARTESIAN_POINT('Ctrl Pts',(-11.1407595826373,-5.36552835429007,5.66494706283779));
#4114=CARTESIAN_POINT('Ctrl Pts',(-7.71085320225561,-9.6670921068187,5.66494706283779));
#4115=CARTESIAN_POINT('Ctrl Pts',(-2.74968249141311,-12.0569356433251,5.6649470628378));
#4116=CARTESIAN_POINT('Ctrl Pts',(2.13655177369386,-12.0528913435065,5.66494706283779));
#4117=CARTESIAN_POINT('Ctrl Pts',(7.19734501723999,-10.0729902201393,5.66494706283779));
#4118=CARTESIAN_POINT('Ctrl Pts',(10.5806177205672,-6.4260134274113,5.66494706283779));
#4119=CARTESIAN_POINT('Ctrl Pts',(12.3629852616049,-0.65096536583118,5.66494706283779));
#4120=CARTESIAN_POINT('Ctrl Pts',(11.6210702880338,4.26588753896894,5.66494706283779));
#4121=CARTESIAN_POINT('Ctrl Pts',(8.21597104996771,9.25817383841993,5.66494706283779));
#4122=CARTESIAN_POINT('Ctrl Pts',(3.91094651887004,11.7456615439134,5.66494706283779));
#4123=CARTESIAN_POINT('Ctrl Pts',(-2.11489144495177,12.197209316862,5.66494706283779));
#4124=CARTESIAN_POINT('Ctrl Pts',(-7.328920097845,10.1554929819222,5.66494706283779));
#4125=CARTESIAN_POINT('Ctrl Pts',(-11.141084876938,5.36017928200709,5.66494706283779));
#4126=CARTESIAN_POINT('Ctrl Pts',(-11.9568392427136,1.78874265833353,5.66494706283779));
#4127=CARTESIAN_POINT('Ctrl Pts',(-11.9568392427136,-5.60236376269659E-16,
5.66494706283779));
#4128=CARTESIAN_POINT('Ctrl Pts',(-11.5364217255064,-1.41280419397554E-15,
5.89985866767777));
#4129=CARTESIAN_POINT('Ctrl Pts',(-11.5364217255064,-1.72583344737469,5.89985866767777));
#4130=CARTESIAN_POINT('Ctrl Pts',(-10.7490333525516,-5.17687644369107,5.89985866767777));
#4131=CARTESIAN_POINT('Ctrl Pts',(-7.43972654518046,-9.32717725311806,5.89985866767777));
#4132=CARTESIAN_POINT('Ctrl Pts',(-2.65299873924744,-11.6330006388399,5.89985866767777));
#4133=CARTESIAN_POINT('Ctrl Pts',(2.0614312221106,-11.6290883102624,5.89985866767777));
#4134=CARTESIAN_POINT('Ctrl Pts',(6.94427132060373,-9.71881561690116,5.89985866767777));
#4135=CARTESIAN_POINT('Ctrl Pts',(10.2085861903977,-6.20005941392732,5.89985866767777));
#4136=CARTESIAN_POINT('Ctrl Pts',(11.9282863801604,-0.628078860268725,5.89985866767776));
#4137=CARTESIAN_POINT('Ctrl Pts',(11.2124509909675,4.11589719946305,5.89985866767777));
#4138=CARTESIAN_POINT('Ctrl Pts',(7.92709166028306,8.93263839873677,5.89985866767777));
#4139=CARTESIAN_POINT('Ctrl Pts',(3.77342804104486,11.3326656327926,5.89985866767777));
#4140=CARTESIAN_POINT('Ctrl Pts',(-2.04052908195281,11.7683379404872,5.89985866767777));
#4141=CARTESIAN_POINT('Ctrl Pts',(-7.0712216538793,9.79840927057312,5.89985866767777));
#4142=CARTESIAN_POINT('Ctrl Pts',(-10.7493467819194,5.17171362000383,5.89985866767777));
#4143=CARTESIAN_POINT('Ctrl Pts',(-11.5364217255064,1.72583344737469,5.89985866767777));
#4144=CARTESIAN_POINT('Ctrl Pts',(-11.5364217255064,3.95789799979097E-17,
5.89985866767777));
#4145=CARTESIAN_POINT('Ctrl Pts',(-11.0956630263354,-1.35882682096193E-15,
5.99847323743312));
#4146=CARTESIAN_POINT('Ctrl Pts',(-11.0956630263354,-1.6599056005541,5.99847323743312));
#4147=CARTESIAN_POINT('Ctrl Pts',(-10.338359393665,-4.9790853336574,5.99847323743312));
#4148=CARTESIAN_POINT('Ctrl Pts',(-7.15548759246959,-8.97082934533935,5.99847323743312));
#4149=CARTESIAN_POINT('Ctrl Pts',(-2.55163958386834,-11.1885508150682,5.99847323743312));
#4150=CARTESIAN_POINT('Ctrl Pts',(1.98267048169018,-11.1847942457525,5.99847323743312));
#4151=CARTESIAN_POINT('Ctrl Pts',(6.67896326957984,-9.34749737856032,5.99847323743312));
#4152=CARTESIAN_POINT('Ctrl Pts',(9.81856083437342,-5.96318540754987,5.99847323743312));
#4153=CARTESIAN_POINT('Ctrl Pts',(11.4725566284164,-0.604081192978493,5.99847323743312));
#4154=CARTESIAN_POINT('Ctrl Pts',(10.7840746819795,3.95864365024111,5.99847323743312));
#4155=CARTESIAN_POINT('Ctrl Pts',(7.62422769282633,8.59136336095851,5.99847323743313));
#4156=CARTESIAN_POINT('Ctrl Pts',(3.62926392007097,10.8996938597022,5.99847323743312));
#4157=CARTESIAN_POINT('Ctrl Pts',(-1.96256902382989,11.3187200048036,5.99847323743312));
#4158=CARTESIAN_POINT('Ctrl Pts',(-6.80106237678742,9.4240551316137,5.99847323743311));
#4159=CARTESIAN_POINT('Ctrl Pts',(-10.3386611106263,4.97412088514666,5.99847323743312));
#4160=CARTESIAN_POINT('Ctrl Pts',(-11.0956630263354,1.6599056005541,5.99847323743312));
#4161=CARTESIAN_POINT('Ctrl Pts',(-11.0956630263354,6.68415375606506E-16,
5.99847323743312));
#4162=CARTESIAN_POINT('Ctrl Pts',(-10.7995996501709,-1.32256951436547E-15,
6.00000000000001));
#4163=CARTESIAN_POINT('Ctrl Pts',(-10.7995996501709,-1.61560003144825,6.00000000000001));
#4164=CARTESIAN_POINT('Ctrl Pts',(-10.0624999266826,-4.84623614644625,6.00000000000002));
#4165=CARTESIAN_POINT('Ctrl Pts',(-6.96455581243504,-8.73145482545727,6.));
#4166=CARTESIAN_POINT('Ctrl Pts',(-2.48355324883731,-10.8900109426806,6.00000000000002));
#4167=CARTESIAN_POINT('Ctrl Pts',(1.92977054719512,-10.8863444681814,6.));
#4168=CARTESIAN_POINT('Ctrl Pts',(6.50074388316604,-9.09808433193581,6.00000000000001));
#4169=CARTESIAN_POINT('Ctrl Pts',(9.55657046153559,-5.80406368505306,6.));
#4170=CARTESIAN_POINT('Ctrl Pts',(11.1664359227004,-0.587964850391279,6.00000000000001));
#4171=CARTESIAN_POINT('Ctrl Pts',(10.4963175861985,3.85301955022257,6.00000000000001));
#4172=CARTESIAN_POINT('Ctrl Pts',(7.42079639095974,8.36211537791842,6.00000000000001));
#4173=CARTESIAN_POINT('Ctrl Pts',(3.53242035622062,10.6088558547714,6.00000000000001));
#4174=CARTESIAN_POINT('Ctrl Pts',(-1.91020206691013,11.0167027176591,6.00000000000001));
#4175=CARTESIAN_POINT('Ctrl Pts',(-6.619586628092,9.17259117503895,6.00000000000001));
#4176=CARTESIAN_POINT('Ctrl Pts',(-10.0627931695907,4.84140234800427,6.00000000000001));
#4177=CARTESIAN_POINT('Ctrl Pts',(-10.7995996501709,1.61560003144825,6.00000000000001));
#4178=CARTESIAN_POINT('Ctrl Pts',(-10.7995996501709,1.09081299745518E-15,
6.00000000000001));
#4179=CARTESIAN_POINT('Ctrl Pts',(-10.65,-1.30424884109193E-15,6.00000000000001));
#4180=CARTESIAN_POINT('Ctrl Pts',(-10.65,-1.59323627432054,6.00000000000001));
#4181=CARTESIAN_POINT('Ctrl Pts',(-9.92311420215305,-4.77909704758891,6.00000000000002));
#4182=CARTESIAN_POINT('Ctrl Pts',(-6.86808411592201,-8.61051221653311,6.00000000000001));
#4183=CARTESIAN_POINT('Ctrl Pts',(-2.44915182574477,-10.7391566778402,6.00000000000002));
#4184=CARTESIAN_POINT('Ctrl Pts',(1.90303513372304,-10.7355521279527,6.00000000000001));
#4185=CARTESIAN_POINT('Ctrl Pts',(6.41069993028585,-8.97204983751507,6.00000000000001));
#4186=CARTESIAN_POINT('Ctrl Pts',(9.42419368577523,-5.72367180004224,6.00000000000001));
#4187=CARTESIAN_POINT('Ctrl Pts',(11.0117555604199,-0.579817710157853,6.00000000000001));
#4188=CARTESIAN_POINT('Ctrl Pts',(10.350927631653,3.79964228370039,6.00000000000001));
#4189=CARTESIAN_POINT('Ctrl Pts',(7.31799615810234,8.24628753120604,6.00000000000001));
#4190=CARTESIAN_POINT('Ctrl Pts',(3.4834931821241,10.4619024428012,6.00000000000001));
#4191=CARTESIAN_POINT('Ctrl Pts',(-1.88374144017142,10.8640980178271,6.00000000000001));
#4192=CARTESIAN_POINT('Ctrl Pts',(-6.52789468663386,9.04553351929449,6.00000000000001));
#4193=CARTESIAN_POINT('Ctrl Pts',(-9.92340384787996,4.77433220186688,6.00000000000001));
#4194=CARTESIAN_POINT('Ctrl Pts',(-10.65,1.59323627432054,6.00000000000001));
#4195=CARTESIAN_POINT('Ctrl Pts',(-10.65,1.30424884109193E-15,6.00000000000001));
#4196=CARTESIAN_POINT('',(-10.65,1.30424884109193E-15,6.));
#4197=CARTESIAN_POINT('Ctrl Pts',(-10.65,-1.30424884109193E-15,6.00000000000001));
#4198=CARTESIAN_POINT('Ctrl Pts',(-10.7995996501709,-1.32256951436547E-15,
6.00000000000001));
#4199=CARTESIAN_POINT('Ctrl Pts',(-11.0956630263354,-1.35882682096193E-15,
5.99847323743312));
#4200=CARTESIAN_POINT('Ctrl Pts',(-11.5364217255064,-1.41280419397554E-15,
5.89985866767777));
#4201=CARTESIAN_POINT('Ctrl Pts',(-11.9568392427136,-1.46429049065087E-15,
5.66494706283779));
#4202=CARTESIAN_POINT('Ctrl Pts',(-12.3147779805529,-1.50812534360944E-15,
5.30690327184897));
#4203=CARTESIAN_POINT('Ctrl Pts',(-12.5501751835831,-1.53695318673135E-15,
4.88628382310647));
#4204=CARTESIAN_POINT('Ctrl Pts',(-12.6484814635246,-1.548992233838E-15,
4.44565215643215));
#4205=CARTESIAN_POINT('Ctrl Pts',(-12.65,-1.5491782009214E-15,4.14959965017094));
#4206=CARTESIAN_POINT('Ctrl Pts',(-12.65,-1.5491782009214E-15,4.));
#4207=CARTESIAN_POINT('Origin',(0.,0.,6.));
#4208=CARTESIAN_POINT('Origin',(0.,0.,6.));
#4209=CARTESIAN_POINT('Origin',(0.45,1.8,0.));
#4210=CARTESIAN_POINT('',(0.45,2.,0.));
#4211=CARTESIAN_POINT('Origin',(-0.45,1.8,0.));
#4212=CARTESIAN_POINT('',(-0.45,2.,0.));
#4213=CARTESIAN_POINT('',(-0.65,1.8,0.));
#4214=CARTESIAN_POINT('Origin',(0.65,2.,0.));
#4215=CARTESIAN_POINT('Origin',(-0.85,0.85,0.));
#4216=CARTESIAN_POINT('',(-0.65,0.85,0.));
#4217=CARTESIAN_POINT('',(-0.85,0.65,0.));
#4218=CARTESIAN_POINT('Origin',(-0.65,0.65,0.));
#4219=CARTESIAN_POINT('',(-1.8,0.65,0.));
#4220=CARTESIAN_POINT('Origin',(-1.8,0.45,0.));
#4221=CARTESIAN_POINT('',(-2.,0.45,0.));
#4222=CARTESIAN_POINT('Origin',(-1.8,-0.45,0.));
#4223=CARTESIAN_POINT('',(-2.,-0.45,0.));
#4224=CARTESIAN_POINT('Origin',(-2.,0.65,0.));
#4225=CARTESIAN_POINT('Origin',(-0.65,2.,0.));
#4226=UNCERTAINTY_MEASURE_WITH_UNIT(LENGTH_MEASURE(0.01),#4230,
'DISTANCE_ACCURACY_VALUE',
'Maximum model space distance between geometric entities at asserted c
onnectivities');
#4227=UNCERTAINTY_MEASURE_WITH_UNIT(LENGTH_MEASURE(0.01),#4230,
'DISTANCE_ACCURACY_VALUE',
'Maximum model space distance between geometric entities at asserted c
onnectivities');
#4228=(
GEOMETRIC_REPRESENTATION_CONTEXT(3)
GLOBAL_UNCERTAINTY_ASSIGNED_CONTEXT((#4226))
GLOBAL_UNIT_ASSIGNED_CONTEXT((#4230,#4232,#4233))
REPRESENTATION_CONTEXT('','3D')
);
#4229=(
GEOMETRIC_REPRESENTATION_CONTEXT(3)
GLOBAL_UNCERTAINTY_ASSIGNED_CONTEXT((#4227))
GLOBAL_UNIT_ASSIGNED_CONTEXT((#4230,#4232,#4233))
REPRESENTATION_CONTEXT('','3D')
);
#4230=(
LENGTH_UNIT()
NAMED_UNIT(*)
SI_UNIT(.MILLI.,.METRE.)
);
#4231=(
LENGTH_UNIT()
NAMED_UNIT(*)
SI_UNIT($,.METRE.)
);
#4232=(
NAMED_UNIT(*)
PLANE_ANGLE_UNIT()
SI_UNIT($,.RADIAN.)
);
#4233=(
NAMED_UNIT(*)
SI_UNIT($,.STERADIAN.)
SOLID_ANGLE_UNIT()
);
#4234=SHAPE_DEFINITION_REPRESENTATION(#4235,#4236);
#4235=PRODUCT_DEFINITION_SHAPE('',$,#4238);
#4236=SHAPE_REPRESENTATION('',(#2160),#4228);
#4237=PRODUCT_DEFINITION_CONTEXT('part definition',#4242,'design');
#4238=PRODUCT_DEFINITION('arcade_button_cap','arcade_button_cap v1',#4239,
#4237);
#4239=PRODUCT_DEFINITION_FORMATION('',$,#4244);
#4240=PRODUCT_RELATED_PRODUCT_CATEGORY('arcade_button_cap v1',
'arcade_button_cap v1',(#4244));
#4241=APPLICATION_PROTOCOL_DEFINITION('international standard',
'automotive_design',2009,#4242);
#4242=APPLICATION_CONTEXT(
'Core Data for Automotive Mechanical Design Process');
#4243=PRODUCT_CONTEXT('part definition',#4242,'mechanical');
#4244=PRODUCT('arcade_button_cap','arcade_button_cap v1',$,(#4243));
#4245=PRESENTATION_STYLE_ASSIGNMENT((#4246));
#4246=SURFACE_STYLE_USAGE(.BOTH.,#4247);
#4247=SURFACE_SIDE_STYLE('',(#4248));
#4248=SURFACE_STYLE_FILL_AREA(#4249);
#4249=FILL_AREA_STYLE('Polycarbonate (Clear)',(#4250));
#4250=FILL_AREA_STYLE_COLOUR('Polycarbonate (Clear)',#4251);
#4251=COLOUR_RGB('Polycarbonate (Clear)',0.76078431372549,0.76078431372549,
0.756862745098039);
ENDSEC;
END-ISO-10303-21;
